FIPS,damage,deaths,injuries
1001,26788100.0,7.0,96.0
1003,54686000.0,29.0,57.0
1005,2594000.0,0.0,17.0
1007,16973750.0,1.0,20.0
1009,33177500.0,1.0,59.0
1011,5939000.0,2.0,0.0
1013,5315500.0,2.0,7.0
1015,131719500.0,11.0,81.0
1017,8849000.0,4.0,6.0
1019,23633000.0,3.0,41.0
1021,4145000.0,12.0,6.0
1023,20430750.0,2.0,4.0
1025,7482500.0,4.0,17.0
1027,2806000.0,1.0,5.0
1029,4431100.0,0.0,1.0
1031,373185250.0,17.0,59.0
1033,17061150.0,6.0,45.0
1035,5201500.0,1.0,3.0
1037,1748100.0,0.0,8.0
1039,34407500.0,5.0,3.0
1041,5874000.0,0.0,0.0
1043,37100600.0,5.0,37.0
1045,266176750.0,4.0,40.0
1047,32366000.0,4.0,68.0
1049,23262200.0,32.0,67.0
1051,65393900.0,16.0,68.0
1053,11303500.0,5.0,5.0
1055,25560500.0,1.0,88.0
1057,17027000.0,5.0,31.0
1059,54256700.0,29.0,4.0
1061,44734720.0,1.0,16.0
1063,23199300.0,4.0,6.0
1065,30709500.0,8.0,86.0
1067,34671430.0,1.0,31.0
1069,189400260.0,6.0,22.0
1071,9802900.0,13.0,27.0
1073,1984904100.0,68.0,1172.0
1075,9417000.0,3.0,21.0
1077,11417300.0,10.0,49.0
1079,47926800.0,23.0,30.0
1081,14864500.0,5.0,139.0
1083,1013028000.0,10.0,142.0
1085,9067000.0,4.0,21.0
1087,2813500.0,0.0,5.0
1089,24999400.0,19.0,217.0
1091,53616500.0,3.0,15.0
1093,189216750.0,28.0,224.0
1095,24002000.0,16.0,111.0
1097,49063500.0,8.0,41.0
1099,4680000.0,1.0,6.0
1101,32500500.0,18.0,164.0
1103,15119100.0,7.0,15.0
1105,12801000.0,2.0,0.0
1107,14659000.0,2.0,52.0
1109,7675750.0,4.0,44.0
1111,5395000.0,0.0,1.0
1113,2959250.0,2.0,9.0
1115,208779500.0,18.0,56.0
1117,19294750.0,1.0,41.0
1119,31258000.0,2.0,10.0
1121,10927000.0,5.0,23.0
1123,119709800.0,2.0,67.0
1125,1562836000.0,74.0,1103.0
1127,145010500.0,21.0,184.0
1129,13653500.0,3.0,11.0
1131,2639500.0,1.0,2.0
1133,19814000.0,1.0,71.0
2013,434600.0,0.0,1.0
2016,26154000.0,0.0,0.0
2020,34318233.333333336,18.333333333333332,46.33333333333333
2050,6591583.333333333,7.5,2.0
2060,427333.3333333333,0.0,0.0
2068,5223183.333333333,2.5,6.0
2070,427333.3333333333,0.0,0.0
2090,8722433.333333334,4.0,6.0
2100,704000.0,0.0,11.0
2110,3811000.0,0.0,15.0
2122,32917716.666666664,5.5,12.0
2130,2602000.0,0.0,0.0
2150,3426733.3333333335,0.6666666666666666,0.6666666666666666
2164,3831333.3333333335,0.6666666666666666,1.6666666666666665
2170,7172083.333333333,12.833333333333334,10.333333333333332
2180,89425386.66666667,6.0,7.0
2185,31951466.666666668,4.0,5.0
2188,1327300.0000000002,5.0,3.0
2201,0.0,0.0,0.0
2220,14782800.0,10.0,0.0
2232,0.0,0.0,0.0
2240,2336833.3333333335,4.333333333333333,1.3333333333333333
2261,8243066.666666666,9.666666666666666,4.666666666666666
2270,0.0,0.0,0.0
2280,0.0,0.0,0.0
2282,4630000.0,6.0,4.0
2290,15250999.999999998,5.0,7.0
4001,58540833.333333336,10.333333333333332,17.333333333333336
4003,28215916.666666664,18.0,56.5
4005,109544633.33333333,61.33333333333333,548.3333333333334
4007,7833000.0,13.0,20.0
4009,9658583.333333334,0.0,0.5
4011,765500.0,0.0,0.0
4012,13438000.0,2.0,0.0
4013,3268770000.0,13.0,84.0
4015,32715100.0,27.0,193.0
4017,108922333.33333334,22.333333333333332,20.333333333333336
4019,200343133.33333334,40.0,269.5
4021,22824433.333333332,20.0,160.0
4023,30285383.333333332,5.0,14.5
4025,40548500.0,58.0,32.0
4027,15006500.0,0.0,9.0
5001,89897000.0,1.0,12.0
5003,26792300.0,3.0,12.0
5005,136710000.0,6.0,51.0
5007,95521800.0,16.0,40.0
5009,113509000.0,4.0,29.0
5011,10249000.0,5.0,7.0
5013,11698000.0,0.0,0.0
5015,37475600.0,5.0,0.0
5017,27936300.0,1.0,4.0
5019,139870350.0,10.0,109.0
5021,31465570.0,5.0,4.0
5023,103537000.0,4.0,35.0
5025,10469000.0,0.0,1.0
5027,215012000.0,1.0,7.0
5029,62696000.0,7.0,31.0
5031,18305990.0,12.0,13.0
5033,159710200.0,1.0,64.0
5035,14392680.0,4.0,18.0
5037,12808170.0,2.0,24.0
5039,14000000.0,2.0,4.0
5041,54869000.0,0.0,28.0
5043,10344000.0,0.0,8.0
5045,313691500.0,26.0,229.0
5047,12221500.0,3.0,22.0
5049,115985100.0,2.0,6.0
5051,79840350.0,9.0,48.0
5053,16097000.0,3.0,9.0
5055,47816860.0,2.0,58.0
5057,85747000.0,0.0,9.0
5059,25168000.0,2.0,37.0
5061,88783500.0,2.0,15.0
5063,143337000.0,1.0,9.0
5065,144209000.0,9.0,55.0
5067,124789000.0,7.0,72.0
5069,25119500.0,9.0,21.0
5071,78690300.0,6.0,19.0
5073,83860000.0,1.0,6.0
5075,26583610.0,5.0,35.0
5077,1061780.0,1.0,1.0
5079,8822000.0,0.0,3.0
5081,83910000.0,3.0,5.0
5083,52271200.0,1.0,4.0
5085,63169200.0,11.0,24.0
5087,37118300.0,9.0,8.0
5089,131974000.0,5.0,14.0
5091,174130100.0,3.0,18.0
5093,6601820.0,22.0,18.0
5095,46246000.0,0.0,3.0
5097,23657250.0,20.0,32.0
5099,83996600.0,3.0,4.0
5101,15660900.0,2.0,8.0
5103,16334100.0,1.0,0.0
5105,38567000.0,1.0,0.0
5107,4511650.0,2.0,5.0
5109,8838500.0,0.0,1.0
5111,10425800.0,11.0,2.0
5113,155108500.0,3.0,39.0
5115,85910150.0,10.0,19.0
5117,47533100.0,3.0,11.0
5119,560152300.0,49.0,336.0
5121,36685630.0,3.0,7.0
5123,9806370.0,7.0,18.0
5125,115860500.0,14.0,86.0
5127,42814000.0,9.0,1.0
5129,113970700.0,0.0,0.0
5131,177555300.0,6.0,51.0
5133,417513100.0,4.0,12.0
5135,169886000.0,5.0,25.0
5137,150053100.0,7.0,14.0
5139,90085500.0,2.0,23.0
5141,106160000.0,7.0,112.0
5143,165533100.0,20.0,1566.0
5145,73254450.0,12.0,88.0
5147,37376600.0,0.0,4.0
5149,39218700.0,3.0,6.0
6001,42960843.33333334,6.5,24.666666666666664
6003,253173411.11111113,10.611111111111112,22.055555555555554
6005,8895368.253968254,16.368253968253967,45.612698412698414
6007,11899220266.666668,63.06666666666667,72.06666666666666
6009,11015235.396825396,11.225396825396825,27.8984126984127
6011,49275133.333333336,7.066666666666666,30.000000000000004
6013,62283833.333333336,6.5,20.666666666666664
6015,24013800.0,1.0,0.0
6017,286980268.2539681,18.468253968253972,40.91269841269841
6019,22186500.0,1.0,26.0
6021,25448133.333333332,4.066666666666666,14.0
6023,40781100.0,7.0,21.0
6025,6724000.0,0.0,5.0
6027,79860000.0,24.0,43.0
6029,61844700.0,2.0,10.0
6031,1665690.0,0.0,0.0
6033,47721800.0,5.4,20.0
6035,7277333.333333335,0.4,3.066666666666667
6037,259910000.0,82.0,211.0
6039,8598500.0,0.0,4.0
6041,245920899.99999997,22.666666666666668,18.666666666666668
6043,17718800.0,6.0,6.0
6045,111734000.0,16.0,4.0
6047,24128500.0,0.0,7.0
6049,666596400.0,2.0,0.0
6051,12074400.0,12.0,23.0
6053,121035560.0,19.0,21.0
6055,135798300.0,5.666666666666667,2.6666666666666665
6057,262247458.73015875,15.992063492063494,28.1984126984127
6059,200859266.6666667,24.333333333333332,74.66666666666667
6061,266212268.2539683,19.46825396825397,40.91269841269841
6063,28291433.333333336,1.4,1.0666666666666667
6065,281542666.6666666,52.33333333333333,420.6666666666667
6067,18934839.523809522,7.476190476190476,27.380952380952383
6069,96000.0,1.0,0.0
6071,1916667700.0,118.0,778.0
6073,2957749066.6666665,195.33333333333334,1996.6666666666665
6075,57714060.0,16.0,68.0
6077,9990066.666666668,7.733333333333333,25.86666666666667
6079,13290000.0,9.0,14.0
6081,35730020.0,14.166666666666666,43.0
6083,80682000.0,52.0,370.0
6085,31405843.333333332,14.166666666666666,19.666666666666664
6087,119647010.00000001,34.666666666666664,39.0
6089,12925726733.333334,77.8,141.0666666666667
6091,11558844.444444446,3.1111111111111116,14.222222222222221
6093,184400000.0,8.0,23.0
6095,23952809.523809522,7.476190476190475,28.380952380952383
6097,240404699.99999997,25.66666666666667,25.666666666666668
6099,4918010.0,7.4,14.2
6101,8603476.190476192,7.809523809523809,21.71428571428572
6103,13435298733.333334,70.8,119.06666666666669
6105,9550000.0,0.0,0.0
6107,98714030.0,4.0,10.0
6109,55806225.396825396,13.225396825396825,27.8984126984127
6111,25700000.0,29.0,81.0
6113,5897142.857142857,5.142857142857142,23.714285714285715
6115,28119158.730158735,10.492063492063492,25.6984126984127
8001,449798400.0,10.600000000000001,37.4
8003,4988857.142857143,1.0,3.0
8005,1089889066.6666667,9.266666666666667,66.39999999999999
8007,3828121.428571429,2.428571428571428,6.142857142857142
8009,2863500.0,1.0,2.0
8011,8016000.0,1.0,11.0
8013,561254000.0,14.523809523809524,36.30952380952381
8014,23710400.000000004,6.266666666666666,33.06666666666667
8015,5002857.142857144,8.0,8.666666666666666
8017,2998600.0,0.0,2.0
8019,21986000.0,4.057142857142857,27.142857142857146
8021,15423333.333333334,9.666666666666666,2.6666666666666665
8023,44939523.809523806,6.666666666666667,6.666666666666667
8025,10041000.0,4.0,5.0
8027,12791857.142857142,3.5,3.0
8029,4271566.666666666,6.666666666666667,5.4
8031,167358400.0,7.6000000000000005,41.4
8033,493821.4285714285,2.4285714285714284,2.8095238095238093
8035,59020066.66666667,7.466666666666666,56.400000000000006
8037,14573900.0,17.86666666666667,33.33333333333333
8039,11471666.666666668,6.666666666666666,37.0
8041,2681282966.666667,22.0,94.0
8043,28128523.80952381,5.5,4.0
8045,24463133.333333336,24.866666666666667,570.0
8047,22230000.0,4.057142857142857,9.142857142857142
8049,205000.0,6.857142857142857,31.64285714285714
8051,455499.9999999999,8.066666666666666,16.733333333333334
8053,229371.42857142855,3.8285714285714283,7.542857142857143
8055,36967523.809523806,2.1666666666666665,9.666666666666666
8057,5000.0,4.0,4.5
8059,2838508000.0000005,11.723809523809523,31.80952380952381
8061,358000.0,0.0,4.0
8063,3810450.0,4.0,27.0
8065,15000.0,3.9999999999999996,5.666666666666666
8067,20121271.42857143,2.428571428571428,5.142857142857142
8069,566582000.0,23.0,118.5
8071,26980666.666666664,0.6666666666666666,9.666666666666666
8073,5165000.0,6.0,22.0
8075,23766500.0,4.0,18.0
8077,4946383.333333334,7.0,543.0666666666667
8079,136666.6666666667,5.666666666666667,0.6666666666666666
8081,417033.3333333334,3.1999999999999997,1.3333333333333333
8083,2667071.428571428,1.4285714285714284,8.80952380952381
8085,818150.0000000001,9.066666666666666,11.133333333333333
8087,37185000.0,2.0,15.0
8089,778000.0,3.0,0.0
8091,2287900.0,3.4,4.800000000000001
8093,21797000.0,5.057142857142857,18.142857142857142
8095,3358000.0,2.0,7.0
8097,13676200.0,17.66666666666667,36.33333333333333
8099,11010000.0,3.0,19.0
8101,142936000.0,1.5,20.0
8103,1690549.9999999993,2.1999999999999997,11.333333333333334
8105,22581666.666666668,4.666666666666666,0.6666666666666666
8107,1215533.3333333335,3.1999999999999997,1.3333333333333333
8109,5325190.476190477,6.0,5.666666666666666
8111,62571.42857142857,1.4285714285714284,5.142857142857142
8113,1121221.4285714289,3.8285714285714283,6.60952380952381
8115,1742000.0,0.0,5.0
8117,225000.0,3.8571428571428568,12.142857142857142
8119,13995666.666666666,2.0,8.0
8121,15935000.0,2.0,4.0
8123,411611000.0,16.0,115.0
8125,7730500.0,6.0,10.0
9001,37094000.0,35.0,161.0
9003,125132300.0,7.0,42.0
9005,10420500.0,5.0,9.0
9007,2155250.0,4.0,6.0
9009,18219800.0,16.0,36.0
9011,12214300.0,4.0,23.0
9013,59193900.0,6.0,10.0
9015,47408500.0,2.0,4.0
10001,31425540.0,10.0,328.0
10003,67899610.0,30.0,649.0
10005,149075890.0,22.0,543.0
11001,295961200.0,24.0,701.0
12001,1863610.0,2.0,14.0
12003,5656000.0,0.0,5.0
12005,13962776250.0,146.0,70.0
12007,12266700.0,0.0,6.0
12009,1516551650.0,64.0,161.0
12011,618644200.0,134.0,354.0
12013,1220163700.0,15.0,20.0
12015,85549000.0,5.0,18.0
12017,224504000.0,1.0,12.0
12019,3558300.0,0.0,10.0
12021,481936190.0,17.0,46.0
12023,4763900.0,5.0,15.0
12027,783929000.0,5.0,104.0
12029,198639500.0,0.0,0.0
12031,26422320.0,32.0,103.0
12033,184525000.0,39.0,88.0
12035,155771300.0,1.0,74.0
12037,672088250.0,6.0,2.0
12039,608437000.0,7.0,4.0
12041,12311410.0,0.0,2.0
12043,15163000.0,5.0,3.0
12045,933445000.0,16.0,4.0
12047,1982500.0,5.0,5.0
12049,387647500.0,0.0,15.0
12051,7926500.0,6.0,63.0
12053,28868000.0,1.0,5.0
12055,1829298000.0,10.0,6.0
12057,72677950.0,23.0,104.0
12059,27696250.0,0.0,3.0
12061,2108009500.0,17.0,13.0
12063,1175555750.0,10.0,18.0
12065,10609750.0,2.0,0.0
12067,9414950.0,0.0,0.0
12069,210105900.0,35.0,58.0
12071,1176053500.0,21.0,26.0
12073,401959750.0,15.0,8.0
12075,7435000.0,1.0,5.0
12077,906016000.0,11.0,0.0
12079,12844500.0,1.0,8.0
12081,69763500.0,10.0,31.0
12083,4128350.0,3.0,22.0
12085,2051323700.0,8.0,19.0
12086,1678126000.0,103.0,197.0
12087,883241000.0,33.0,125.0
12089,29960400.0,14.0,11.0
12091,16576500.0,14.0,93.0
12093,350427700.0,1.0,12.0
12095,2122300300.0,30.0,127.0
12097,1037265000.0,37.0,152.0
12099,22523390500.0,85.0,311.0
12101,144362500.0,6.0,20.0
12103,1420564250.0,38.0,182.0
12105,2231577500.0,32.0,186.0
12107,8897100.0,8.0,31.0
12109,4011525320.0,28.0,11.0
12111,5193178000.0,14.0,13.0
12113,26333500.0,14.0,73.0
12115,53628000.0,7.0,74.0
12117,1297615000.0,19.0,53.0
12119,131392000.0,2.0,20.0
12121,14443550.0,0.0,7.0
12123,40442330.0,6.0,9.0
12125,2826400.0,0.0,0.0
12127,2894701000.0,104.0,153.0
12129,671817800.0,5.0,4.0
12131,335583230.0,42.0,12.0
12133,560388250.0,9.0,24.0
13001,4428400.0,0.0,14.0
13003,328500.0,0.0,1.0
13005,3935000.0,0.0,7.0
13007,113015100.0,8.0,3.0
13009,9848700.0,0.0,3.0
13011,6029280.0,1.0,1.0
13013,13504530.0,2.0,9.0
13015,95944230.0,2.0,39.0
13017,3315500.0,0.0,1.0
13019,4186250.0,2.0,0.0
13021,19894300.0,4.0,2.0
13023,1897250.0,4.0,0.0
13025,282000.0,1.0,2.0
13027,5684500.0,4.0,0.0
13029,4167500.0,2.0,17.0
13031,3144850.0,6.0,21.0
13033,4761870.0,2.0,8.0
13035,4374780.0,4.0,1.0
13037,107449000.0,0.0,5.0
13039,6304000.0,4.0,6.0
13043,1118500.0,0.0,4.0
13045,72798830.0,8.0,5.0
13047,31672980.0,8.0,38.0
13049,448000.0,0.0,2.0
13051,56688200.0,13.0,58.0
13053,1493000.0,0.0,28.0
13055,18814130.0,1.0,3.0
13057,175991180.0,3.0,61.0
13059,8221830.0,0.0,4.0
13061,4299700.0,0.0,1.0
13063,47815630.0,0.0,22.0
13065,570650.0,0.0,2.0
13067,116777530.0,5.0,28.0
13069,4041400.0,0.0,10.0
13071,16138800.0,3.0,2.0
13073,3896660.0,0.0,17.0
13075,5828920.0,7.0,49.0
13077,28628180.0,9.0,9.0
13079,3580750.0,0.0,17.0
13081,5082950.0,1.0,4.0
13083,30362030.0,2.0,29.0
13085,8985230.0,3.0,12.0
13087,657513700.0,1.0,8.0
13089,88479780.0,8.0,12.0
13091,5774500.0,2.0,10.0
13093,13092200.0,0.0,29.0
13095,1162141500.0,5.0,34.0
13097,53086130.0,9.0,14.0
13099,309698000.0,2.0,14.0
13101,120200.0,0.0,0.0
13103,7313350.0,1.0,8.0
13105,2067500.0,2.0,14.0
13107,3845250.0,0.0,2.0
13109,144000.0,0.0,1.0
13111,41763240.0,0.0,8.0
13113,35091780.0,2.0,21.0
13115,45318580.0,5.0,30.0
13117,43119350.0,8.0,47.0
13119,2560000.0,1.0,2.0
13121,207567760.0,20.0,87.0
13123,18703830.0,1.0,23.0
13125,1229250.0,0.0,2.0
13127,961200.0,4.0,4.0
13129,36922130.0,0.0,24.0
13131,135833700.0,9.0,25.0
13133,6631130.0,0.0,0.0
13135,151628630.0,8.0,44.0
13137,5627500.0,0.0,2.0
13139,39123280.0,12.0,101.0
13141,2314080.0,1.0,4.0
13143,10013830.0,0.0,8.0
13145,12129300.0,3.0,7.0
13147,1663500.0,2.0,6.0
13149,7210830.0,0.0,5.0
13151,107816580.0,1.0,4.0
13153,8027000.0,0.0,16.0
13155,4414500.0,2.0,1.0
13157,9707330.0,1.0,4.0
13159,2547980.0,0.0,0.0
13161,245000.0,0.0,0.0
13163,8728250.0,0.0,9.0
13165,1570500.0,0.0,2.0
13167,26074750.0,0.0,12.0
13169,2804980.0,0.0,0.0
13171,11712730.0,2.0,13.0
13173,4849000.0,0.0,0.0
13175,15782250.0,10.0,10.0
13177,16702700.0,0.0,0.0
13179,58984950.0,2.0,20.0
13181,1221010.0,0.0,13.0
13183,4736050.0,3.0,26.0
13185,33125000.0,2.0,13.0
13187,7600530.0,4.0,65.0
13189,3153000.0,0.0,16.0
13191,18741550.0,0.0,9.0
13193,1866650.0,0.0,0.0
13195,8041530.0,0.0,5.0
13197,970620.0,0.0,0.0
13199,14760580.0,2.0,9.0
13201,512704750.0,2.0,15.0
13205,133648000.0,16.0,381.0
13207,11136580.0,0.0,12.0
13209,1115200.0,0.0,1.0
13211,15282080.0,0.0,7.0
13213,5366230.0,0.0,25.0
13215,40967450.0,5.0,8.0
13217,12411980.0,1.0,2.0
13219,5085880.0,0.0,0.0
13221,4313630.0,0.0,0.0
13223,25368030.0,1.0,6.0
13225,5866000.0,0.0,3.0
13227,22810680.0,0.0,11.0
13229,460900.0,0.0,2.0
13231,4015780.0,0.0,3.0
13233,18645280.0,2.0,16.0
13235,2860000.0,1.0,0.0
13237,4827300.0,0.0,8.0
13239,1295750.0,0.0,1.0
13241,19673500.0,1.0,3.0
13243,4312050.0,0.0,8.0
13245,8625600.0,5.0,56.0
13247,17893930.0,4.0,2.0
13249,1369950.0,0.0,0.0
13251,1461500.0,1.0,12.0
13253,620845750.0,3.0,9.0
13255,32677530.0,4.0,6.0
13257,6138500.0,0.0,0.0
13259,1030500.0,0.0,0.0
13261,115596000.0,4.0,30.0
13263,1549200.0,1.0,1.0
13265,2645430.0,0.0,0.0
13267,2479250.0,1.0,2.0
13269,3632850.0,2.0,7.0
13271,1587600.0,0.0,0.0
13273,34223000.0,0.0,0.0
13275,27632450.0,1.0,5.0
13277,7908000.0,1.0,13.0
13279,2775250.0,1.0,3.0
13281,6106590.0,0.0,0.0
13283,1637800.0,0.0,0.0
13285,34093780.0,4.0,14.0
13287,13529500.0,2.0,28.0
13289,7284300.0,2.0,0.0
13291,5308430.0,0.0,1.0
13293,7330330.0,0.0,7.0
13295,20935090.0,3.0,31.0
13297,9693030.0,0.0,0.0
13299,2790200.0,0.0,2.0
13301,2607080.0,0.0,3.0
13303,1725850.0,0.0,0.0
13305,541100.0,0.0,1.0
13307,1594750.0,0.0,3.0
13309,1039900.0,0.0,0.0
13311,21502790.0,3.0,77.0
13313,8612570.0,1.0,4.0
13315,3047200.0,0.0,0.0
13317,6757430.0,0.0,2.0
13319,1736050.0,1.0,0.0
13321,41258500.0,4.0,35.0
15001,107941000.0,13.0,16.0
15003,85445400.0,26.0,122.0
15005,0.0,0.0,0.0
15007,54820000.0,58.0,60.0
15009,3656000.0,4.0,16.0
16001,7924333.333333334,0.6666666666666666,74.66666666666667
16003,160000.0,1.0,1.5
16005,6770400.0,0.0,3.0
16007,1150900.0,4.0,3.0
16009,6077950.0,4.5,8.0
16011,8591566.666666666,0.0,3.0
16013,16151500.0,1.0,0.0
16015,207666.6666666667,2.333333333333333,0.0
16017,22552566.666666664,3.9999999999999996,21.666666666666668
16019,30582266.666666664,1.0,0.0
16021,15365566.666666666,3.9999999999999996,14.666666666666666
16023,561000.0,1.0,1.0
16025,6666.666666666667,3.333333333333333,2.0
16027,42090000.0,2.4,8.6
16029,774666.6666666667,0.0,0.0
16031,5924000.0,2.0,2.0
16033,785000.0,1.0,1.0
16035,21041300.0,1.0,4.0
16037,5270000.0,0.0,3.0
16039,4040000.0,4.0,2.6666666666666665
16041,1849600.0,0.0,1.0
16043,816300.0,0.4,1.2
16045,41011000.0,1.4,2.1
16047,35295333.33333333,2.0,1.3333333333333333
16049,17440000.0,3.0,7.0
16051,3361000.0,0.0,0.0
16053,36193333.33333333,2.0,1.3333333333333333
16055,31792666.66666666,7.5,37.666666666666664
16057,7312600.0,4.5,8.0
16059,89977000.0,3.0,5.0
16061,5913000.0,0.0,3.0
16063,3245000.0,0.0,0.0
16065,2535000.0,0.0,0.0
16067,7170500.0,0.0,0.0
16069,13075500.0,0.0,12.0
16071,406500.0,1.0,0.0
16073,43841333.333333336,2.0666666666666664,3.2666666666666666
16075,41012000.0,0.4,1.6
16077,1102000.0,0.0,0.0
16079,4586050.0,1.5,1.0
16081,165000.0,0.0,0.0
16083,36238333.33333333,2.0,1.3333333333333333
16085,25000.0,1.0,2.5
16087,42232000.0,1.4,5.1
17001,768000.0,2.0,22.0
17003,48464000.0,0.0,4.0
17005,376000.0,2.0,7.0
17007,3529500.0,1.0,4.0
17009,56000.0,1.0,1.0
17011,6281500.0,2.0,0.0
17013,437000.0,0.0,0.0
17015,17064900.0,0.0,3.0
17017,8883800.0,3.0,6.0
17019,128839000.0,19.0,54.0
17021,136197000.0,12.0,32.0
17023,4955800.0,4.0,6.0
17025,15450500.0,4.0,22.0
17027,849000.0,1.0,14.0
17029,22226500.0,9.0,29.0
17031,564366600.0,1037.0,140.0
17033,6645500.0,9.0,7.0
17035,3278200.0,2.0,10.0
17037,15417000.0,4.0,48.0
17039,17568500.0,0.0,12.0
17041,107318000.0,2.0,23.0
17043,36304000.0,17.0,93.0
17045,4872500.0,2.0,0.0
17047,3501000.0,2.0,5.0
17049,4303400.0,12.0,17.0
17051,1838000.0,0.0,0.0
17053,2806000.0,0.0,2.0
17055,25694000.0,6.0,47.0
17057,27254500.0,6.0,13.0
17059,11485000.0,2.0,13.0
17061,1150000.0,0.0,2.0
17063,69192500.0,10.0,40.0
17065,5296000.0,2.0,0.0
17067,26852750.0,0.0,1.0
17069,23396000.0,2.0,2.0
17071,22411250.0,0.0,1.0
17073,90428820.0,4.0,16.0
17075,8941000.0,6.0,12.0
17077,122769000.0,7.0,98.0
17079,3434000.0,0.0,8.0
17081,20686000.0,12.0,36.0
17083,212000.0,2.0,0.0
17085,19841700.0,3.0,5.0
17087,18123000.0,1.0,16.0
17089,29555500.0,9.0,34.0
17091,9381500.0,6.0,7.0
17093,4182500.0,0.0,3.0
17095,48422000.0,2.0,41.0
17097,34904500.0,20.0,35.0
17099,96857000.0,15.0,58.0
17101,3861000.0,0.0,3.0
17103,2520500.0,0.0,8.0
17105,6618000.0,4.0,18.0
17107,23669500.0,15.0,35.0
17109,3972550.0,0.0,3.0
17111,9415500.0,10.0,9.0
17113,15023000.0,35.0,66.0
17115,38543000.0,2.0,60.0
17117,10379000.0,4.0,12.0
17119,11640500.0,30.0,239.0
17121,7623000.0,7.0,19.0
17123,20163500.0,2.0,6.0
17125,7640500.0,2.0,3.0
17127,59234000.0,6.0,85.0
17129,14912000.0,0.0,11.0
17131,35800600.0,3.0,0.0
17133,2075000.0,0.0,13.0
17135,186000.0,1.0,6.0
17137,159132500.0,7.0,22.0
17139,11118200.0,2.0,6.0
17141,12186000.0,8.0,14.0
17143,258769000.0,23.0,29.0
17145,7508000.0,6.0,10.0
17147,8525500.0,3.0,15.0
17149,1335000.0,3.0,4.0
17151,31599000.0,0.0,8.0
17153,40656000.0,2.0,13.0
17155,14049020.0,0.0,5.0
17157,131500.0,2.0,9.0
17159,1659000.0,2.0,4.0
17161,8591870.0,7.0,62.0
17163,1197400.0,37.0,313.0
17165,36878500.0,9.0,127.0
17167,79322500.0,16.0,110.0
17169,5860800.0,0.0,7.0
17171,1565500.0,1.0,6.0
17173,11965000.0,3.0,19.0
17175,15183000.0,2.0,1.0
17177,21140250.0,2.0,3.0
17179,1032056500.0,11.0,180.0
17181,15341000.0,10.0,44.0
17183,37812700.0,14.0,41.0
17185,9351000.0,1.0,10.0
17187,6932950.0,0.0,1.0
17189,1229000.0,5.0,25.0
17191,9463000.0,6.0,90.0
17193,15289000.0,3.0,18.0
17195,6971480.0,0.0,9.0
17197,43520500.0,49.0,52.0
17199,185151000.0,5.0,89.0
17201,42450500.0,8.0,8.0
17203,67012400.0,2.0,17.0
18001,11794000.0,4.0,3.0
18003,32241000.0,5.0,14.0
18005,254775550.0,5.0,3.0
18007,1169000.0,2.0,4.0
18009,615000.0,0.0,4.0
18011,6865700.0,0.0,72.0
18013,1060200.0,2.0,2.0
18015,25682900.0,4.0,26.0
18017,4155500.0,1.0,9.0
18019,99310000.0,10.0,6.0
18021,46077000.0,0.0,0.0
18023,19869500.0,2.0,7.0
18025,13944500.0,1.0,21.0
18027,39290520.0,0.0,33.0
18029,20792000.0,0.0,12.0
18031,4573950.0,2.0,3.0
18033,3365750.0,6.0,11.0
18035,39639600.0,2.0,7.0
18037,2345500.0,4.0,2.0
18039,17849200.0,7.0,28.0
18041,6600500.0,0.0,0.0
18043,41201500.0,2.0,2.0
18045,10963000.0,3.0,1.0
18047,8214000.0,3.0,1.0
18049,1353000.0,4.0,4.0
18051,26851000.0,2.0,23.0
18053,4643000.0,5.0,2.0
18055,26897450.0,4.0,4.0
18057,92200270.0,9.0,33.0
18059,8679000.0,0.0,3.0
18061,21941500.0,0.0,1.0
18063,6571690.0,1.0,24.0
18065,9288850.0,1.0,3.0
18067,103787200.0,0.0,41.0
18069,9925900.0,1.0,2.0
18071,42768250.0,9.0,17.0
18073,4495500.0,3.0,10.0
18075,3243500.0,4.0,2.0
18077,16583000.0,4.0,0.0
18079,3563950.0,0.0,4.0
18081,150364050.0,3.0,8.0
18083,34479200.0,1.0,49.0
18085,15506500.0,5.0,24.0
18087,6011500.0,5.0,4.0
18089,53571000.0,9.0,25.0
18091,5947000.0,36.0,29.0
18093,21043000.0,1.0,11.0
18095,43811700.0,1.0,20.0
18097,135243370.0,27.0,219.0
18099,3838000.0,4.0,11.0
18101,12245750.0,2.0,1.0
18103,9241000.0,0.0,3.0
18105,18517050.0,5.0,6.0
18107,6130000.0,1.0,4.0
18109,113719500.0,2.0,36.0
18111,3098000.0,7.0,1.0
18113,6947000.0,4.0,4.0
18115,4290000.0,2.0,0.0
18117,2951000.0,0.0,1.0
18119,63398050.0,1.0,6.0
18121,6920000.0,0.0,3.0
18123,5387000.0,5.0,12.0
18125,13585000.0,5.0,5.0
18127,24654500.0,24.0,6.0
18129,27228000.0,2.0,4.0
18131,1216000.0,0.0,3.0
18133,3916900.0,0.0,24.0
18135,2690000.0,0.0,0.0
18137,11018500.0,5.0,9.0
18139,2689350.0,1.0,8.0
18141,16456000.0,22.0,16.0
18143,1468000.0,1.0,21.0
18145,13567750.0,0.0,4.0
18147,23744000.0,0.0,1.0
18149,2349000.0,2.0,2.0
18151,11869000.0,12.0,8.0
18153,20086500.0,0.0,1.0
18155,7295200.0,1.0,0.0
18157,29552900.0,1.0,5.0
18159,5574100.0,0.0,3.0
18161,2759500.0,6.0,6.0
18163,117923000.0,29.0,264.0
18165,10316000.0,0.0,1.0
18167,59070550.0,0.0,0.0
18169,9047000.0,0.0,5.0
18171,5679500.0,2.0,0.0
18173,124089000.0,6.0,38.0
18175,10526500.0,6.0,0.0
18177,18749250.0,2.0,8.0
18179,10441600.0,6.0,0.0
18181,4150000.0,4.0,1.0
18183,2535500.0,0.0,5.0
19001,48601120.0,4.0,3.0
19003,37438720.0,0.0,4.0
19005,23609600.0,3.0,33.0
19007,37172860.0,0.0,3.0
19009,41119840.0,0.0,0.0
19011,22906620.0,2.0,8.0
19013,99114910.9090909,1.0,46.0
19015,42494720.0,0.0,6.0
19017,39254910.90909091,0.0,0.0
19019,22924000.0,1.0,8.0
19021,4528100.0,0.0,25.0
19023,125943910.9090909,13.0,51.0
19025,43035780.0,0.0,7.0
19027,47571580.0,0.0,89.0
19029,51865120.0,2.0,1.0
19031,22767600.0,0.0,4.0
19033,44644010.90909091,0.0,12.0
19035,3602100.0,0.0,0.0
19037,5772650.0,1.0,2.0
19039,36990960.0,2.0,5.0
19041,26461100.0,0.0,3.0
19043,39186150.0,3.0,16.0
19045,12039100.0,3.0,3.0
19047,53706340.0,0.0,1.0
19049,67772720.0,0.0,6.0
19051,51378860.0,2.0,0.0
19053,35635080.0,0.0,5.0
19055,74094300.0,2.0,2.0
19057,29092500.0,0.0,12.0
19059,23800100.0,0.0,2.0
19061,45675800.0,4.0,25.0
19063,40008710.90909091,2.0,0.0
19065,30126550.0,2.0,12.0
19067,8558100.0,3.0,7.0
19069,63953410.90909091,0.0,2.0
19071,16268000.0,0.0,6.0
19073,38362680.0,0.0,0.0
19075,38209810.90909091,2.0,1.0
19077,45861840.0,0.0,0.0
19079,50926920.0,4.0,7.0
19081,35889310.90909091,2.0,7.0
19083,61687720.0,0.0,22.0
19085,44127000.0,2.0,18.0
19087,10253800.0,5.0,5.0
19089,7151750.0,0.0,8.0
19091,41478080.0,0.0,38.0
19093,1562100.0,0.0,2.0
19095,17181000.0,2.0,14.0
19097,46896200.0,2.0,2.0
19099,44482220.0,0.0,3.0
19101,2460000.0,0.0,0.0
19103,330705300.0,1.0,70.0
19105,43465570.0,2.0,1.0
19107,6581700.0,2.0,3.0
19109,45407930.90909091,4.0,0.0
19111,41314200.0,0.0,4.0
19113,775318750.0,8.0,48.0
19115,40738200.0,8.0,7.0
19117,39283080.0,0.0,4.0
19119,17812100.0,0.0,0.0
19121,39257860.0,0.0,0.0
19123,49037940.0,2.0,1.0
19125,165771940.0,0.0,24.0
19127,243555220.0,0.0,23.0
19129,10012000.0,2.0,5.0
19131,13657150.0,0.0,0.0
19133,9829000.0,4.0,74.0
19135,38787580.0,0.0,2.0
19137,2859000.0,0.0,0.0
19139,33666700.0,5.0,25.0
19141,25083100.0,0.0,2.0
19143,25440100.0,0.0,13.0
19145,3983000.0,0.0,1.0
19147,35429130.90909091,1.0,0.0
19149,2889100.0,2.0,7.0
19151,50548980.0,0.0,0.0
19153,202367220.0,14.0,149.0
19155,39374000.0,4.0,11.0
19157,44165920.0,4.0,7.0
19159,49962580.0,1.0,0.0
19161,47761180.0,0.0,3.0
19163,17941600.0,1.0,102.0
19165,5477000.0,0.0,2.0
19167,28201100.0,5.0,12.0
19169,108468720.0,0.0,24.0
19171,42365720.0,0.0,0.0
19173,50507720.0,0.0,1.0
19175,45019460.0,0.0,5.0
19177,8688200.0,3.0,3.0
19179,46366860.0,2.0,63.0
19181,55220680.0,1.0,7.0
19183,39842500.0,0.0,28.0
19185,40199800.0,0.0,50.0
19187,50262720.0,4.0,2.0
19189,37313670.90909091,0.0,4.0
19191,18943400.0,4.0,26.0
19193,30868100.0,0.0,46.0
19195,36767080.0,0.0,2.0
19197,38451920.0,5.0,15.0
20001,11032550.0,6.0,11.0
20003,27911500.0,0.0,23.0
20005,1366500.0,0.0,4.0
20007,61270500.0,2.0,4.0
20009,130451250.0,1.0,76.0
20011,37636000.0,0.0,0.0
20013,3438100.0,8.0,8.0
20015,93251000.0,12.0,54.0
20017,8995700.0,8.0,9.0
20019,1669100.0,0.0,0.0
20021,41854200.0,5.0,48.0
20023,13993400.0,2.0,2.0
20025,8289800.0,0.0,0.0
20027,2057500.0,8.0,0.0
20029,2542000.0,0.0,8.0
20031,6629900.0,4.0,20.0
20033,61974500.0,0.0,2.0
20035,31843750.0,8.0,79.0
20037,23997250.0,3.0,40.0
20039,9150850.0,0.0,2.0
20041,24895100.0,14.0,15.0
20043,1195000.0,0.0,0.0
20045,28762000.0,2.0,70.0
20047,6954500.0,0.0,3.0
20049,28434750.0,0.0,0.0
20051,5408250.0,1.0,10.0
20053,28007700.0,2.0,17.0
20055,59692340.0,1.0,5.0
20057,11700340.0,4.0,14.0
20059,15009000.0,3.0,41.0
20061,2799700.0,8.0,20.0
20063,41391150.0,4.0,13.0
20065,49226200.0,0.0,0.0
20067,2023700.0,0.0,2.0
20069,7209600.0,0.0,0.0
20071,4070750.0,2.0,0.0
20073,78863400.0,1.0,12.0
20075,113000.0,0.0,0.0
20077,13556200.0,0.0,25.0
20079,14522900.0,6.0,60.0
20081,4914000.0,0.0,0.0
20083,3609400.0,0.0,0.0
20085,3145500.0,2.0,3.0
20087,9905500.0,3.0,15.0
20089,22507000.0,0.0,2.0
20091,23667200.0,5.0,0.0
20093,4057500.0,0.0,2.0
20095,35135400.0,0.0,11.0
20097,254665700.0,11.0,66.0
20099,79569800.0,2.0,47.0
20101,2494000.0,0.0,0.0
20103,25776400.0,0.0,3.0
20105,21797300.0,0.0,0.0
20107,7990200.0,0.0,2.0
20109,8446450.0,2.0,2.0
20111,11625100.0,9.0,19.0
20113,30966150.0,7.0,14.0
20115,75700550.0,6.0,30.0
20117,4873500.0,4.0,0.0
20119,3327000.0,0.0,0.0
20121,16491600.0,6.0,2.0
20123,11644000.0,2.0,9.0
20125,93761050.0,12.0,29.0
20127,1861500.0,5.0,0.0
20129,796600.0,0.0,2.0
20131,5194500.0,0.0,3.0
20133,21550900.0,2.0,13.0
20135,3383500.0,0.0,0.0
20137,62656400.0,1.0,3.0
20139,9901000.0,17.0,34.0
20141,9352000.0,0.0,12.0
20143,1618500.0,5.0,16.0
20145,4649100.0,0.0,1.0
20147,9642000.0,0.0,1.0
20149,2511800.0,14.0,1.0
20151,26981500.0,3.0,3.0
20153,1911550.0,0.0,19.0
20155,127805100.0,17.0,54.0
20157,10143000.0,0.0,32.0
20159,25573050.0,4.0,16.0
20161,97879950.0,3.0,18.0
20163,9776000.0,0.0,4.0
20165,5038500.0,0.0,0.0
20167,86419200.0,4.0,27.0
20169,40714000.0,2.0,58.0
20171,3147600.0,1.0,1.0
20173,917636150.0,38.0,432.0
20175,26989600.0,0.0,2.0
20177,30353900.0,15.0,117.0
20179,29557600.0,0.0,0.0
20181,16014500.0,6.0,72.0
20183,10826000.0,2.0,1.0
20185,877500.0,3.0,3.0
20187,200500.0,0.0,3.0
20189,1131500.0,0.0,0.0
20191,40324650.0,5.0,36.0
20193,12176200.0,16.0,60.0
20195,7907500.0,0.0,0.0
20197,1067400.0,2.0,20.0
20199,2162200.0,0.0,4.0
20201,8398000.0,4.0,20.0
20203,4256700.0,0.0,0.0
20205,24805900.0,1.0,5.0
20207,3921450.0,3.0,7.0
20209,28498500.0,4.0,92.0
21001,9514000.0,1.0,7.0
21003,1951000.0,5.0,12.0
21005,6789000.0,2.0,1.0
21007,85345000.0,1.0,14.0
21009,18025500.0,8.0,21.0
21011,30511400.0,1.0,9.0
21013,57585510.0,2.0,0.0
21015,30177750.0,2.0,1.0
21017,10163000.0,5.0,4.0
21019,17827800.0,4.0,136.0
21021,2689000.0,0.0,0.0
21023,4938000.0,3.0,3.0
21025,14544400.0,7.0,9.0
21027,4712000.0,4.0,9.0
21029,132716000.0,4.0,12.0
21031,2921000.0,0.0,1.0
21033,35721000.0,1.0,16.0
21035,47299000.0,2.0,28.0
21037,22846000.0,0.0,0.0
21039,29510000.0,1.0,3.0
21041,5424000.0,0.0,1.0
21043,37523000.0,6.0,2.0
21045,7215000.0,0.0,1.0
21047,135244000.0,10.0,123.0
21049,3072000.0,2.0,0.0
21051,4494610.0,2.0,1.0
21053,974500.0,1.0,2.0
21055,41516000.0,1.0,10.0
21057,726000.0,0.0,0.0
21059,174023000.0,5.0,160.0
21061,2888000.0,2.0,0.0
21063,1838100.0,0.0,12.0
21065,10517500.0,1.0,2.0
21067,54925000.0,12.0,16.0
21069,11741500.0,0.0,8.0
21071,26784300.0,0.0,8.0
21073,18216000.0,7.0,1.0
21075,32619000.0,3.0,18.0
21077,3555500.0,3.0,20.0
21079,2133000.0,0.0,3.0
21081,8369250.0,0.0,0.0
21083,72475000.0,5.0,39.0
21085,52212000.0,0.0,20.0
21087,2514000.0,0.0,0.0
21089,24902200.0,1.0,3.0
21091,924000.0,0.0,0.0
21093,38607500.0,5.0,9.0
21095,4612350.0,2.0,3.0
21097,11961500.0,4.0,4.0
21099,8915000.0,1.0,22.0
21101,88943000.0,8.0,48.0
21103,10372000.0,0.0,6.0
21105,26898000.0,4.0,6.0
21107,110148000.0,4.0,106.0
21109,1118000.0,0.0,5.0
21111,487410500.0,33.0,28.0
21113,2258500.0,4.0,0.0
21115,27166900.0,6.0,23.0
21117,60422100.0,4.0,21.0
21119,2070200.0,0.0,2.0
21121,9447000.0,7.0,10.0
21123,6135000.0,1.0,3.0
21125,53815810.0,15.0,60.0
21127,11287700.0,4.0,13.0
21129,7592000.0,0.0,0.0
21131,2189700.0,0.0,0.0
21133,2553200.0,0.0,0.0
21135,20521250.0,4.0,23.0
21137,3906000.0,1.0,10.0
21139,40445000.0,0.0,5.0
21141,4297000.0,5.0,6.0
21143,33388000.0,6.0,14.0
21145,117923000.0,7.0,212.0
21147,4245100.0,2.0,2.0
21149,47913000.0,0.0,2.0
21151,15283000.0,11.0,36.0
21153,36568000.0,0.0,36.0
21155,1600000.0,0.0,4.0
21157,79933000.0,5.0,45.0
21159,16674500.0,0.0,4.0
21161,8360500.0,1.0,6.0
21163,5819000.0,4.0,25.0
21165,9219200.0,3.0,31.0
21167,19306500.0,1.0,10.0
21169,9056000.0,2.0,8.0
21171,4632000.0,1.0,0.0
21173,6151420.0,1.0,1.0
21175,84683400.0,6.0,80.0
21177,78862000.0,4.0,59.0
21179,4915000.0,8.0,5.0
21181,1650000.0,0.0,1.0
21183,2465500.0,2.0,2.0
21185,5078000.0,0.0,5.0
21187,6217000.0,3.0,6.0
21189,4937000.0,0.0,0.0
21191,87352500.0,11.0,6.0
21193,4000880.0,0.0,1.0
21195,35778510.0,11.0,12.0
21197,23433060.0,5.0,43.0
21199,9641800.0,6.0,21.0
21201,1739000.0,0.0,0.0
21203,5057100.0,0.0,6.0
21205,2229000.0,4.0,5.0
21207,1885050.0,0.0,0.0
21209,5393000.0,0.0,0.0
21211,2487000.0,7.0,4.0
21213,1795000.0,2.0,11.0
21215,3832000.0,0.0,1.0
21217,4613000.0,2.0,11.0
21219,26469000.0,2.0,9.0
21221,25426000.0,2.0,0.0
21223,3278000.0,0.0,10.0
21225,34063000.0,3.0,4.0
21227,520056250.0,1.0,6.0
21229,2496000.0,0.0,9.0
21231,1895600.0,2.0,2.0
21233,59892000.0,9.0,35.0
21235,9955800.0,5.0,12.0
21237,3742100.0,2.0,0.0
21239,7168000.0,0.0,0.0
22001,545768000.0,1.0,38.0
22003,28968000.0,0.0,0.0
22005,1612656850.0,1.0,1.0
22007,76896300.0,0.0,0.0
22009,88757000.0,2.0,22.0
22011,87440000.0,4.0,15.0
22013,7373000.0,3.0,6.0
22015,46632800.0,51.0,110.0
22017,353852500.0,66.0,93.0
22019,2513260000.0,16.0,53.0
22021,9547000.0,1.0,0.0
22023,28805000.0,3.0,10.0
22025,21017750.0,0.0,5.0
22027,16620000.0,3.0,13.0
22029,51871700.0,0.0,2.0
22031,20739000.0,5.0,11.0
22033,2581528600.0,22.0,5.0
22035,726100500.0,0.0,2.0
22037,39491250.0,0.0,1.0
22039,183649000.0,6.0,18.0
22041,55845200.0,0.0,3.0
22043,4592000.0,7.0,19.0
22045,590108000.0,6.0,24.0
22047,46494750.0,3.0,1.0
22049,3608000.0,0.0,5.0
22051,4467745000.0,65.0,21.0
22053,148039000.0,2.0,10.0
22055,1692930000.0,7.0,52.0
22057,895354200.0,5.0,17.0
22059,11360000.0,1.0,21.0
22061,18682500.0,9.0,14.0
22063,2161619150.0,4.0,10.0
22065,48702500.0,2.0,18.0
22067,24285100.0,2.0,5.0
22069,27836500.0,3.0,21.0
22071,43215641550.0,1295.0,188.0
22073,61330000.0,11.0,5.0
22075,14387642500.0,12.0,0.0
22077,63199850.0,2.0,2.0
22079,340585500.0,5.0,25.0
22081,9498000.0,1.0,1.0
22083,31482000.0,1.0,4.0
22085,15304500.0,2.0,9.0
22087,19345135900.0,281.0,1.0
22089,401598900.0,0.0,101.0
22091,60199350.0,3.0,0.0
22093,68903950.0,3.0,75.0
22095,626165700.0,3.0,21.0
22097,340410000.0,7.0,41.0
22099,388349000.0,4.0,11.0
22101,564151000.0,0.0,3.0
22103,11329677700.0,9.0,78.0
22105,1116330200.0,9.0,15.0
22107,32697000.0,0.0,3.0
22109,877354400.0,6.0,44.0
22111,14315500.0,4.0,5.0
22113,625879000.0,0.0,3.0
22115,62989000.0,0.0,3.0
22117,3753586050.0,6.0,2.0
22119,6440500.0,6.0,5.0
22121,31815750.0,0.0,0.0
22123,17107750.0,0.0,4.0
22125,35541500.0,3.0,0.0
22127,6230000.0,1.0,14.0
23001,70602400.0,2.0,3.0
23003,21830000.0,7.0,24.0
23005,161465500.0,5.0,22.0
23007,24148500.0,1.0,14.0
23009,30145500.0,7.0,34.0
23011,107187000.0,1.0,4.0
23013,13959000.0,2.0,3.0
23015,17088500.0,0.0,2.0
23017,79503900.0,3.0,8.0
23019,92051000.0,0.0,134.0
23021,5838500.0,2.0,9.0
23023,18462500.0,0.0,0.0
23025,30302400.0,0.0,1.0
23027,60837500.0,0.0,0.0
23029,36104500.0,0.0,0.0
23031,149799500.0,8.0,23.0
24001,17798080.0,0.0,6.0
24003,38012650.0,22.0,160.0
24005,680639333.3333335,125.66666666666666,455.6666666666667
24009,44992460.0,7.0,320.0
24011,12542600.0,4.0,21.0
24013,11448130.0,5.0,35.0
24015,17823800.0,6.0,47.0
24017,137028180.0,2.0,206.0
24019,9838000.0,2.0,3.0
24021,90233650.0,17.0,27.0
24023,7958000.0,0.0,1.0
24025,6408000.0,10.0,38.0
24027,36501250.0,4.0,0.0
24029,25043460.0,0.0,14.0
24031,19371600.0,8.0,23.0
24033,128896800.0,33.0,189.0
24035,85078270.0,4.0,28.0
24037,194291200.0,4.0,310.0
24039,14795000.0,0.0,0.0
24041,11603430.0,10.0,92.0
24043,43813840.0,0.0,11.0
24045,14894000.0,1.0,1.0
24047,27368000.0,12.0,2.0
24510,180274316.66666666,68.33333333333333,211.33333333333334
25001,34631740.0,7.0,11.0
25003,9721900.0,1.0,23.0
25005,69397060.0,5.0,12.0
25007,23178140.0,0.0,0.0
25009,93936150.0,8.0,40.0
25011,89995580.0,3.0,57.0
25013,276345060.0,5.0,210.0
25015,34369560.0,1.0,23.0
25017,106723530.0,11.0,70.0
25019,3154780.0,2.0,2.0
25021,130947230.0,16.0,53.0
25023,76126790.0,8.0,91.0
25025,70965080.0,10.0,49.0
25027,104419780.0,9.0,132.0
26001,605000.0,0.0,1.0
26003,643500.0,7.0,4.0
26005,48822500.0,2.0,7.0
26007,1009000.0,0.0,1.0
26009,1765000.0,0.0,1.0
26011,756000.0,0.0,5.0
26013,4943900.0,2.0,12.0
26015,41144500.0,0.0,1.0
26017,59242750.0,8.0,24.0
26019,1418000.0,2.0,2.0
26021,19082500.0,34.0,29.0
26023,1446000.0,2.0,16.0
26025,69796500.0,1.0,10.0
26027,8291500.0,0.0,20.0
26029,260000.0,0.0,0.0
26031,981500.0,0.0,3.0
26033,435300.0,0.0,0.0
26035,18423520.0,4.0,3.0
26037,35497700.0,2.0,0.0
26039,5407000.0,0.0,1.0
26041,3230200.0,8.0,14.0
26043,8946500.0,6.0,16.0
26045,95594500.0,1.0,6.0
26047,1206000.0,2.0,1.0
26049,114397000.0,6.0,90.0
26051,1056500.0,1.0,6.0
26053,45025500.0,4.0,5.0
26055,16741500.0,1.0,1.0
26057,30709500.0,0.0,1.0
26059,3087000.0,1.0,2.0
26061,104640500.0,5.0,10.0
26063,29343200.0,1.0,23.0
26065,71909500.0,2.0,2.0
26067,40414500.0,0.0,8.0
26069,600000.0,0.0,6.0
26071,6755500.0,4.0,0.0
26073,103650000.0,0.0,1.0
26075,33647000.0,0.0,4.0
26077,184290000.0,0.0,11.0
26079,2733000.0,1.0,2.0
26081,113434500.0,3.0,68.0
26083,1036000.0,0.0,0.0
26085,21933000.0,0.0,0.0
26087,54647500.0,6.0,29.0
26089,25754000.0,4.0,0.0
26091,57764500.0,1.0,30.0
26093,96355000.0,2.0,39.0
26095,25482000.0,3.0,0.0
26097,280000.0,0.0,0.0
26099,780592000.0,12.0,157.0
26101,2986500.0,3.0,0.0
26103,109549500.0,27.0,68.0
26105,21752000.0,0.0,5.0
26107,35401110.0,0.0,16.0
26109,3259500.0,6.0,3.0
26111,153877000.0,0.0,26.0
26113,1067000.0,0.0,2.0
26115,133679000.0,8.0,65.0
26117,42992500.0,0.0,28.0
26119,812000.0,0.0,1.0
26121,68733200.0,2.0,5.0
26123,35262250.0,2.0,0.0
26125,798989000.0,33.0,445.0
26127,31407000.0,0.0,37.0
26129,33663530.0,1.0,8.0
26131,1557000.0,4.0,6.0
26133,22984500.0,0.0,2.0
26135,4486000.0,2.0,4.0
26137,3238500.0,0.0,1.0
26139,120721000.0,7.0,65.0
26141,4149000.0,1.0,1.0
26143,767500.0,0.0,1.0
26145,88060800.0,0.0,67.0
26147,98484000.0,5.0,39.0
26149,2687450.0,5.0,8.0
26151,34242500.0,2.0,23.0
26153,1084000.0,4.0,6.0
26155,38130500.0,0.0,32.0
26157,42666950.0,0.0,23.0
26159,78270000.0,2.0,3.0
26161,126969500.0,6.0,64.0
26163,1397802000.0,39.0,1294.0
26165,2291000.0,0.0,0.0
27001,1361000.0,2.0,4.0
27003,520050600.0,8.0,16.0
27005,3854200.0,0.0,1.0
27007,1647300.0,2.0,0.0
27009,8781000.0,2.0,1.0
27011,1550000.0,4.0,12.0
27013,28875750.0,4.0,1.0
27015,56230000.0,5.0,18.0
27017,78439300.0,17.0,7.0
27019,42271000.0,2.0,4.0
27021,499800.0,5.0,10.0
27023,1315000.0,2.0,0.0
27025,6026600.0,0.0,0.0
27027,91144900.0,3.0,2.0
27029,2606200.0,0.0,0.0
27031,1122000.0,2.0,5.0
27033,59048720.0,2.0,19.0
27035,3924500.0,2.0,5.0
27037,336497500.0,3.0,20.0
27039,15416350.0,0.0,1.0
27041,859000.0,0.0,7.0
27043,15431000.0,2.0,3.0
27045,62446500.0,6.0,9.0
27047,28899000.0,4.0,23.0
27049,11560200.0,6.0,5.0
27051,7879000.0,0.0,1.0
27053,902037700.0,9.0,125.0
27055,67803850.0,2.0,34.0
27057,9478900.0,0.0,5.0
27059,605200.0,0.0,1.0
27061,210900.0,8.0,4.0
27063,36288000.0,2.0,6.0
27065,427700.0,0.0,3.0
27067,18090000.0,2.0,5.0
27069,29610000.0,0.0,2.0
27071,3062000.0,0.0,0.0
27073,2863500.0,0.0,1.0
27075,3256000.0,4.0,8.0
27077,2730200.0,0.0,4.0
27079,63913500.0,1.0,35.0
27081,4207720.0,0.0,0.0
27083,5068720.0,2.0,8.0
27085,2252700.0,4.0,25.0
27087,2295700.0,0.0,0.0
27089,41834300.0,0.0,0.0
27091,5572000.0,0.0,0.0
27093,13360500.0,0.0,7.0
27095,688050.0,0.0,0.0
27097,19142500.0,1.0,26.0
27099,19947750.0,14.0,15.0
27101,27076720.0,4.0,3.0
27103,128862000.0,2.0,7.0
27105,61622720.0,8.0,20.0
27107,89342500.0,0.0,6.0
27109,71888950.0,18.0,92.0
27111,24939100.0,1.0,11.0
27113,4128000.0,0.0,0.0
27115,3862000.0,3.0,10.0
27117,6006220.0,0.0,0.0
27119,1228342900.0,5.0,3.0
27121,3551000.0,0.0,2.0
27123,188062200.0,16.0,441.0
27125,6287200.0,0.0,1.0
27127,6342000.0,0.0,1.0
27129,26227000.0,1.0,6.0
27131,84401100.0,2.0,1.0
27133,29735720.0,8.0,4.0
27135,427642200.0,0.0,1.0
27137,97389800.0,34.0,83.0
27139,210348000.0,0.0,1.0
27141,30694000.0,0.0,1.0
27143,5885400.0,1.0,0.0
27145,23643900.0,7.0,56.0
27147,48465200.0,0.0,1.0
27149,421500.0,0.0,0.0
27151,14185000.0,2.0,8.0
27153,2213200.0,0.0,1.0
27155,5000000.0,0.0,0.0
27157,44258350.0,2.0,8.0
27159,8084600.0,0.0,28.0
27161,5510000.0,0.0,1.0
27163,64634600.0,5.0,27.0
27165,23160000.0,0.0,0.0
27167,91000600.0,0.0,0.0
27169,58541500.0,12.0,17.0
27171,84677000.0,2.0,8.0
27173,26125000.0,11.0,15.0
28001,251493400.0,2.0,14.0
28003,7165550.0,7.0,37.0
28005,151838400.0,2.0,2.0
28007,176424250.0,0.0,11.0
28009,4362220.0,8.0,8.0
28011,32843700.0,6.0,39.0
28013,2210520.0,2.0,2.0
28015,15332100.0,2.0,0.0
28017,4286850.0,3.0,29.0
28019,201410500.0,6.0,60.0
28021,48684500.0,1.0,2.0
28023,213004500.0,5.0,18.0
28025,9948070.0,0.0,2.0
28027,7780360.0,6.0,25.0
28029,176943000.0,7.0,47.0
28031,415550100.0,2.0,29.0
28033,61124880.0,13.0,123.0
28035,1566277310.0,11.0,193.0
28037,11318400.0,0.0,0.0
28039,62179000.0,1.0,14.0
28041,45910000.0,1.0,31.0
28043,18705000.0,2.0,19.0
28045,9779406350.0,114.0,0.0
28047,17614273650.0,203.0,1.0
28049,1450195750.0,12.0,41.0
28051,88544000.0,5.0,46.0
28053,13751500.0,1.0,12.0
28055,6632000.0,0.0,0.0
28057,5228400.0,5.0,5.0
28059,7482129000.0,33.0,7.0
28061,321195550.0,4.0,12.0
28063,50185000.0,2.0,1.0
28065,239583500.0,4.0,3.0
28067,1553952620.0,24.0,76.0
28069,222670000.0,4.0,35.0
28071,40200650.0,9.0,27.0
28073,842995000.0,2.0,46.0
28075,977494710.0,6.0,54.0
28077,709952000.0,0.0,9.0
28079,231101650.0,4.0,6.0
28081,24547390.0,8.0,40.0
28083,25411860.0,3.0,0.0
28085,226812910.0,4.0,14.0
28087,315382760.0,6.0,74.0
28089,590618060.0,4.0,22.0
28091,659813100.0,3.0,55.0
28093,7074470.0,7.0,38.0
28095,10298800.0,27.0,64.0
28097,33772800.0,0.0,3.0
28099,216008110.0,0.0,3.0
28101,249406000.0,0.0,8.0
28103,30848100.0,0.0,9.0
28105,228497700.0,0.0,22.0
28107,6916720.0,11.0,26.0
28109,2238262200.0,2.0,27.0
28111,5584000.0,0.0,1.0
28113,594603000.0,2.0,4.0
28115,31304450.0,12.0,51.0
28117,3581910.0,0.0,34.0
28119,8096520.0,2.0,26.0
28121,921679650.0,3.0,111.0
28123,280592960.0,1.0,6.0
28125,8895100.0,0.0,4.0
28127,220023000.0,2.0,28.0
28129,229573360.0,1.0,10.0
28131,551296500.0,0.0,8.0
28133,22773900.0,4.0,3.0
28135,3358490.0,1.0,7.0
28137,2039250.0,2.0,15.0
28139,6011350.0,1.0,7.0
28141,4332300.0,5.0,3.0
28143,1004000060.0,2.0,1.0
28145,3969270.0,2.0,24.0
28147,741131900.0,2.0,8.0
28149,395280960.0,5.0,15.0
28151,36418360.0,9.0,14.0
28153,5764750.0,0.0,2.0
28155,14401300.0,1.0,23.0
28157,38573800.0,1.0,0.0
28159,241877500.0,13.0,86.0
28161,1023470.0,3.0,2.0
28163,218125460.0,12.0,61.0
29001,6818500.0,2.0,15.0
29003,2628000.0,0.0,14.0
29005,5873000.0,0.0,0.0
29007,45000.0,0.0,5.0
29009,45996500.0,3.0,12.0
29011,54650500.0,3.0,18.0
29013,15613800.0,2.0,0.0
29015,3006000.0,6.0,48.0
29017,29267000.0,3.0,44.0
29019,9933000.0,8.0,264.0
29021,2249000.0,5.0,20.0
29023,109375000.0,18.0,106.0
29025,616000.0,0.0,12.0
29027,3337000.0,4.0,41.0
29029,263944000.0,5.0,34.0
29031,39643000.0,10.0,72.0
29033,1368000.0,0.0,0.0
29035,35675000.0,1.0,11.0
29037,16198500.0,7.0,12.0
29039,53156000.0,4.0,42.0
29041,1061000.0,2.0,0.0
29043,82137750.0,6.0,16.0
29045,8944000.0,1.0,1.0
29047,119283500.0,8.0,19.0
29049,572750.0,0.0,2.0
29051,2593000.0,1.0,10.0
29053,2962000.0,1.0,0.0
29055,2420000.0,2.0,59.0
29057,10270500.0,2.0,0.0
29059,229814500.0,7.0,43.0
29061,1401250.0,0.0,8.0
29063,1110050.0,3.0,10.0
29065,5621000.0,3.0,0.0
29067,15740500.0,3.0,0.0
29069,57630150.0,1.0,5.0
29071,103829000.0,6.0,165.0
29073,1632000.0,0.0,5.0
29075,18879450.0,0.0,1.0
29077,313565600.0,13.0,690.0
29079,6376600.0,0.0,4.0
29081,790500.0,2.0,4.0
29083,1201600.0,4.0,21.0
29085,35259000.0,0.0,20.0
29087,2686000.0,0.0,0.0
29089,2813000.0,0.0,0.0
29091,79801000.0,7.0,6.0
29093,6348100.0,1.0,24.0
29095,78240750.0,143.0,28.0
29097,2864188000.0,184.0,1213.0
29099,7055000.0,9.0,27.0
29101,6199750.0,4.0,8.0
29103,704000.0,0.0,0.0
29105,127096000.0,9.0,45.0
29107,2542250.0,2.0,0.0
29109,65229900.0,16.0,52.0
29111,8329000.0,3.0,14.0
29113,5588000.0,4.0,50.0
29115,2044000.0,0.0,0.0
29117,3193550.0,2.0,0.0
29119,20314000.0,6.0,23.0
29121,2390250.0,2.0,2.0
29123,6264000.0,2.0,13.0
29125,15621000.0,0.0,2.0
29127,8600200.0,0.0,7.0
29129,1112500.0,0.0,0.0
29131,140806000.0,3.0,1.0
29133,206069000.0,0.0,11.0
29135,963000.0,0.0,0.0
29137,173000.0,5.0,2.0
29139,1195500.0,0.0,13.0
29141,5096400.0,1.0,5.0
29143,132689000.0,11.0,19.0
29145,140654000.0,22.0,217.0
29147,2902200.0,3.0,0.0
29149,9883000.0,0.0,0.0
29151,1229000.0,2.0,0.0
29153,15872000.0,5.0,0.0
29155,112309050.0,8.0,149.0
29157,82356000.0,6.0,63.0
29159,10299250.0,2.0,32.0
29161,23601000.0,4.0,9.0
29163,644000.0,5.0,2.0
29165,51112000.0,8.0,9.0
29167,30911000.0,1.0,9.0
29169,124493500.0,11.0,9.0
29171,1318000.0,0.0,2.0
29173,319000.0,0.0,1.0
29175,6633700.0,8.0,28.0
29177,1667000.0,1.0,0.0
29179,1575000.0,11.0,4.0
29181,51103000.0,5.0,12.0
29183,306748000.0,4.0,162.0
29185,5548500.0,2.0,2.0
29186,1473000.0,4.0,146.0
29187,3045000.0,4.0,136.0
29189,1444024000.0,95.0,5777.0
29195,4685000.0,2.0,8.0
29197,4600000.0,1.0,0.0
29199,5264200.0,0.0,3.0
29201,68958000.0,5.0,88.0
29203,10742000.0,3.0,0.0
29205,170000.0,2.0,6.0
29207,72325000.0,7.0,50.0
29209,37159000.0,0.0,14.0
29211,1793900.0,1.0,0.0
29213,53282000.0,3.0,45.0
29215,19616500.0,1.0,14.0
29217,5421000.0,5.0,6.0
29219,214500.0,2.0,96.0
29221,632000.0,2.0,141.0
29223,47400000.0,0.0,43.0
29225,51487350.0,5.0,52.0
29227,835500.0,14.0,0.0
29229,12968000.0,2.0,4.0
29510,106578000.0,213.0,5120.0
30001,52000.0,4.0,23.0
30003,6522000.0,8.0,3.0
30005,185500.0,0.0,0.0
30007,0.0,1.0,0.0
30009,2140000.0,9.5,0.0
30011,9403000.0,0.0,0.0
30013,1102600.0,4.0,10.0
30015,680000.0,0.0,0.0
30017,2420000.0,2.0,3.0
30019,610500.0,0.0,0.0
30021,5993000.0,2.0,10.0
30023,1251825.0,2.5,7.0
30025,2878000.0,0.0,7.0
30027,4322000.0,2.0,3.0
30029,18461800.0,13.999999999999998,20.333333333333332
30031,62602600.0,7.4,15.2
30033,5085500.0,0.0,1.0
30035,2987000.0,0.0,5.0
30037,50000.0,0.0,0.0
30039,625325.0,6.166666666666666,9.666666666666668
30041,1091000.0,0.0,1.0
30043,100000.0,0.0,2.0
30045,55000.0,0.0,0.0
30047,10559566.666666668,12.0,22.33333333333333
30049,7790000.0,0.0,11.0
30051,4000.0,0.0,0.0
30053,2119133.3333333335,2.0,8.999999999999998
30055,3583800.0,0.0,8.0
30057,72000.0,4.0,1.0
30059,175000.0,0.0,0.0
30061,1027333.3333333334,4.333333333333333,10.666666666666666
30063,8639233.333333334,16.999999999999996,69.33333333333333
30065,6239000.0,0.0,0.0
30067,33161600.0,3.9,7.2
30069,1205200.0,1.0,1.0
30071,1625000.0,0.0,10.0
30073,2205000.0,0.0,2.0
30075,482500.0,0.0,0.0
30077,677825.0,4.5,9.0
30079,766000.0,0.0,0.0
30081,6622000.0,11.666666666666666,50.666666666666664
30083,3370000.0,0.0,8.0
30085,14196500.0,7.0,10.0
30087,997000.0,6.0,5.0
30089,6212533.333333334,9.333333333333332,20.999999999999996
30091,11590000.0,4.0,3.0
30093,595825.0,2.5,2.0
30095,3120000.0,13.5,0.0
30097,6000000.0,3.5,0.0
30099,1756000.0,0.0,0.0
30101,41000.0,0.0,8.0
30103,300000.0,0.0,0.0
30105,17265500.0,2.0,16.0
30107,60000.0,0.0,0.0
30109,436900.0,6.0,2.0
30111,47047000.0,8.0,7.0
31001,131401360.0,0.0,24.0
31003,14653000.0,1.0,0.0
31005,400500.0,0.0,4.0
31007,11019000.0,0.0,4.0
31009,2689000.0,0.0,0.0
31011,16596000.0,0.0,4.0
31013,2044900.0,2.0,3.0
31015,61552400.0,2.0,0.0
31017,65423500.0,0.0,2.0
31019,134857160.0,12.0,30.0
31021,2004000.0,2.0,2.0
31023,6527000.0,2.0,8.0
31025,10825000.0,6.0,15.0
31027,8956000.0,1.0,3.0
31029,25270500.0,0.0,4.0
31031,47485850.0,0.0,1.0
31033,9869000.0,4.0,38.0
31035,50526160.0,0.0,0.0
31037,7276000.0,0.0,0.0
31039,3515000.0,1.0,4.0
31041,72593500.0,6.0,8.0
31043,9381000.0,2.0,3.0
31045,1367500.0,0.0,1.0
31047,33415160.0,4.0,24.0
31049,1125700.0,2.0,5.0
31051,3649000.0,0.0,1.0
31053,15901000.0,8.0,6.0
31055,620182000.0,23.0,123.0
31057,1386500.0,0.0,0.0
31059,38259160.0,0.0,4.0
31061,15326160.0,2.0,0.0
31063,14476300.0,0.0,2.0
31065,17843160.0,0.0,0.0
31067,46084500.0,1.0,32.0
31069,25225500.0,0.0,0.0
31071,3181400.0,0.0,1.0
31073,11248160.0,0.0,4.0
31075,2385000.0,0.0,0.0
31077,13509160.0,0.0,0.0
31079,61037160.0,10.0,32.0
31081,30318160.0,2.0,6.0
31083,11665160.0,0.0,0.0
31085,7572500.0,0.0,0.0
31087,5895250.0,1.0,0.0
31089,125128000.0,1.0,6.0
31091,3892500.0,0.0,0.0
31093,19890160.0,0.0,0.0
31095,14116500.0,1.0,3.0
31097,2068000.0,2.0,0.0
31099,58394160.0,0.0,2.0
31101,9089500.0,2.0,13.0
31103,4424200.0,0.0,7.0
31105,7930400.0,2.0,8.0
31107,10194500.0,0.0,5.0
31109,242718400.0,10.0,47.0
31111,109886150.0,16.0,30.0
31113,4738000.0,4.0,2.0
31115,3830000.0,0.0,0.0
31117,2506000.0,0.0,2.0
31119,6586000.0,3.0,2.0
31121,20823160.0,4.0,0.0
31123,5017500.0,0.0,6.0
31125,10544160.0,0.0,0.0
31127,2178000.0,1.0,0.0
31129,15129660.0,0.0,0.0
31131,31798000.0,2.0,3.0
31133,728000.0,0.0,0.0
31135,7742750.0,2.0,7.0
31137,32824160.0,0.0,14.0
31139,2014000.0,0.0,1.0
31141,19433200.0,2.0,17.0
31143,17678160.0,0.0,19.0
31145,4287950.0,0.0,46.0
31147,6154000.0,0.0,0.0
31149,5149850.0,0.0,0.0
31151,131378000.0,0.0,8.0
31153,19944500.0,5.0,14.0
31155,8239500.0,2.0,13.0
31157,106803250.0,0.0,39.0
31159,8741000.0,6.0,40.0
31161,38001200.0,0.0,19.0
31163,11513160.0,0.0,0.0
31165,85000.0,0.0,1.0
31167,16573500.0,1.0,37.0
31169,38265660.0,1.0,10.0
31171,2496000.0,0.0,0.0
31173,451000.0,0.0,2.0
31175,16561160.0,0.0,0.0
31177,20219000.0,3.0,4.0
31179,11330000.0,4.0,23.0
31181,13827160.0,1.0,0.0
31183,4416200.0,0.0,2.0
31185,28031160.0,16.0,1.0
32001,1166050.0,3.0,16.0
32003,251945600.0,1056.0,1421.0
32005,24833160.0,4.266666666666667,25.133333333333333
32007,21281900.0,0.0,9.0
32009,903000.0,1.0,7.0
32011,389000.0,0.0,3.0
32013,6332100.0,2.0,78.0
32015,120500.0,0.0,4.0
32017,43510000.0,0.0,14.0
32019,670834010.0,8.600000000000001,93.80000000000001
32021,641145700.0,0.0,57.0
32023,7069500.0,3.0,17.0
32027,1269550.0,3.0,16.0
32029,21264760.0,3.5999999999999996,18.8
32031,38679210.0,7.266666666666668,49.13333333333333
32033,132000.0,0.0,1.0
32510,24990160.0,4.266666666666667,26.133333333333333
33001,18955720.0,4.0,49.0
33003,32596000.0,0.0,8.0
33005,43677800.0,4.0,25.0
33007,16163000.0,12.0,41.0
33009,50755450.0,5.0,8.0
33011,84650400.0,13.0,23.0
33013,25416500.0,2.0,13.0
33015,59717000.0,6.0,64.0
33017,13217520.0,1.0,30.0
33019,19067000.0,5.0,5.0
34001,1575477040.0,30.0,130.0
34003,79463450.0,15.0,30.0
34005,376041330.0,27.0,547.0
34007,68491420.0,12.0,579.0
34009,1389481050.0,29.0,103.0
34011,111686600.0,3.0,19.0
34013,26832500.0,14.0,21.0
34015,75421220.0,16.0,65.0
34017,8541000.0,21.0,3.0
34019,228651700.0,16.0,75.0
34021,371435350.0,22.0,245.0
34023,1375660600.0,38.0,301.0
34025,23632339310.0,62.0,1023.0
34027,323493380.0,19.0,94.0
34029,22285186020.0,63.0,574.0
34031,32946750.0,27.0,21.0
34033,73433900.0,6.0,62.0
34035,720858910.0,6.0,137.0
34037,412398500.0,11.0,68.0
34039,17207500.0,15.0,39.0
34041,138079570.0,8.0,56.0
35001,24559750.0,11.566666666666666,27.5
35003,8337000.0,4.666666666666666,20.0
35005,402839250.0,13.0,15.0
35006,1997833.3333333333,3.333333333333333,3.0
35007,8484500.0,2.6666666666666665,18.0
35009,224133250.0,14.0,48.0
35011,867500.0,0.0,0.0
35013,26481000.0,0.0,9.0
35015,21099700.0,5.0,41.0
35017,1736250.0,3.0,3.0
35019,2293500.0,4.0,0.0
35021,32000.0,0.0,0.0
35023,85500.0,2.0,4.0
35025,40184500.0,2.0,8.0
35027,99325000.0,3.0,16.0
35028,1521208666.6666665,0.6666666666666666,0.6666666666666666
35029,899000.0,0.0,0.0
35031,1785333.3333333333,18.833333333333336,7.0
35033,904400.0,0.6666666666666666,3.0
35035,6668760.0,0.0,4.0
35037,5240600.0,6.0,45.0
35039,19688383.333333332,6.166666666666667,4.666666666666666
35041,214302750.0,4.0,4.0
35043,35919850.00000001,11.733333333333334,30.166666666666668
35045,9116000.0,13.5,17.0
35047,6500883.333333333,10.0,40.666666666666664
35049,10205716.666666668,9.733333333333334,23.666666666666668
35051,4122000.0,2.0,0.0
35053,49926333.333333336,1.6666666666666665,31.0
35055,2388216.6666666665,2.0,1.0
35057,8447250.0,5.233333333333333,28.166666666666668
35059,4807000.0,0.0,5.0
35061,19081083.333333336,4.566666666666666,17.5
36001,18333800.0,6.0,31.0
36003,31268000.0,0.0,38.0
36005,7047250.0,36.0,28.0
36007,823147680.0,7.0,21.0
36009,120031500.0,1.0,3.0
36011,50715000.0,9.0,6.0
36013,91782500.0,0.0,4.0
36015,39105660.0,0.0,6.0
36017,141223520.0,1.0,2.0
36019,90383000.0,6.0,13.0
36021,24195400.0,11.0,8.0
36023,47837160.0,0.0,19.0
36025,376917520.0,17.0,13.0
36027,34428100.0,5.0,22.0
36029,440662500.0,28.0,91.0
36031,91664000.0,3.0,23.0
36033,34892000.0,0.0,1.0
36035,5885600.0,0.0,14.0
36037,32833000.0,4.0,6.0
36039,35023240.0,4.0,13.0
36041,1401000.0,0.0,0.0
36043,15504300.0,0.0,1.0
36045,251189500.0,3.0,1.0
36047,14337500.0,123.0,43.0
36049,31502000.0,1.0,0.0
36051,26838000.0,0.0,4.0
36053,46342660.0,4.0,1.0
36055,83240500.0,9.0,81.0
36057,19756600.0,6.0,2.0
36059,26141250.0,44.0,312.0
36061,48001000.0,80.0,86.0
36063,35953000.0,2.0,27.0
36065,107248040.0,2.0,22.0
36067,148080500.0,10.0,30.0
36069,34140500.0,4.0,11.0
36071,51622750.0,13.0,47.0
36073,23970000.0,0.0,0.0
36075,39892500.0,2.0,4.0
36077,126050520.0,1.0,20.0
36079,3295000.0,3.0,11.0
36081,34358000.0,53.0,67.0
36083,34564700.0,2.0,116.0
36085,4538500.0,60.0,4.0
36087,5078250.0,10.0,14.0
36089,30472000.0,4.0,3.0
36091,89368600.0,1.0,154.0
36093,27336900.0,6.0,13.0
36095,30149240.0,4.0,5.0
36097,19571520.0,0.0,3.0
36099,8767660.0,0.0,1.0
36101,41453660.0,0.0,11.0
36103,309776400.0,95.0,572.0
36105,193986520.0,3.0,8.0
36107,603847000.0,2.0,8.0
36109,28174660.0,6.0,6.0
36111,44779900.0,7.0,8.0
36113,31493600.0,4.0,41.0
36115,13364400.0,0.0,2.0
36117,41930500.0,0.0,2.0
36119,26442250.0,31.0,34.0
36121,31084500.0,6.0,5.0
36123,28309660.0,0.0,1.0
37001,6007925650.0,3.0,5.0
37003,22758800.0,1.0,2.0
37005,2286500.0,0.0,14.0
37007,7219800.0,2.0,0.0
37009,3085200.0,4.0,2.0
37011,140651500.0,2.0,0.0
37013,161623000.0,17.0,91.0
37015,45347000.0,13.0,65.0
37017,71584700.0,12.0,23.0
37019,9512650.0,19.0,15.0
37021,209547080.0,5.0,14.0
37023,18505300.0,0.0,26.0
37025,41049000.0,0.0,5.0
37027,5283000.0,1.0,49.0
37029,7186000.0,0.0,0.0
37031,10243500.0,4.0,8.0
37033,7280550.0,2.0,6.0
37035,46850500.0,2.0,5.0
37037,11656000.0,2.0,6.0
37039,4726000.0,0.0,0.0
37041,23079000.0,5.0,1.0
37043,1643000.0,0.0,0.0
37045,22189500.0,0.0,18.0
37047,267795450.0,17.0,77.0
37049,6559500.0,3.0,12.0
37051,212609500.0,13.0,117.0
37053,24548000.0,5.0,2.0
37055,22084000.0,7.0,20.0
37057,43675200.0,7.0,28.0
37059,21698500.0,0.0,2.0
37061,337051500.0,17.0,32.0
37063,18152650.0,6.0,5.0
37065,74327500.0,13.0,0.0
37067,58622950.0,9.0,13.0
37069,20620400.0,8.0,9.0
37071,54200000.0,6.0,16.0
37073,3631000.0,2.0,2.0
37075,1522000.0,0.0,3.0
37077,4822400.0,4.0,7.0
37079,98454800.0,3.0,71.0
37081,123078150.0,6.0,7.0
37083,81605500.0,2.0,4.0
37085,38152500.0,7.0,29.0
37087,56771080.0,6.0,10.0
37089,22281500.0,10.0,31.0
37091,13229000.0,0.0,7.0
37093,8698000.0,0.0,2.0
37095,119169400.0,3.0,1.0
37097,31742080.0,4.0,9.0
37099,14933160.0,1.0,11.0
37101,57061110.0,20.0,79.0
37103,97950000.0,2.0,8.0
37105,66251500.0,5.0,42.0
37107,440103000.0,13.0,27.0
37109,26926500.0,2.0,17.0
37111,6631000.0,1.0,5.0
37113,15282000.0,8.0,22.0
37115,28175000.0,2.0,3.0
37117,7024800.0,2.0,28.0
37119,121155500.0,27.0,32.0
37121,11212500.0,1.0,5.0
37123,4076200.0,0.0,0.0
37125,16249500.0,8.0,3.0
37127,219665250.0,10.0,6.0
37129,2019389950.0,19.0,37.0
37131,9930000.0,0.0,0.0
37133,16238900.0,1.0,134.0
37135,49317750.0,3.0,8.0
37137,295906000.0,0.0,4.0
37139,20330000.0,0.0,5.0
37141,615845450.0,11.0,60.0
37143,11436000.0,1.0,0.0
37145,7236000.0,2.0,2.0
37147,430961200.0,26.0,196.0
37149,3641500.0,5.0,8.0
37151,31407000.0,2.0,31.0
37153,24579000.0,0.0,1.0
37155,72177400.0,7.0,35.0
37157,52484650.0,4.0,41.0
37159,24885500.0,10.0,12.0
37161,9891500.0,6.0,22.0
37163,32795500.0,9.0,27.0
37165,17117500.0,4.0,1.0
37167,11327150.0,5.0,7.0
37169,25308050.0,8.0,4.0
37171,11455100.0,12.0,16.0
37173,12991500.0,1.0,1.0
37175,24156000.0,2.0,16.0
37177,63445000.0,0.0,2.0
37179,26699500.0,3.0,4.0
37181,4955650.0,1.0,1.0
37183,219767250.0,23.0,119.0
37185,3581000.0,2.0,3.0
37187,27796000.0,7.0,4.0
37189,32661000.0,2.0,8.0
37191,153163700.0,18.0,13.0
37193,10668100.0,4.0,5.0
37195,46949500.0,3.0,20.0
37197,12619100.0,2.0,2.0
37199,7233080.0,1.0,1.0
38001,30980000.0,0.0,3.0
38003,34294500.0,0.0,6.0
38005,152539000.0,0.0,0.0
38007,9534500.0,0.0,7.0
38009,14029000.0,0.0,12.0
38011,10979000.0,0.0,14.0
38013,7211000.0,0.0,2.0
38015,303127200.0,4.0,65.0
38017,805007700.0,8.0,27.0
38019,31454700.0,1.0,0.0
38021,18584000.0,0.0,8.0
38023,5425000.0,0.0,0.0
38025,36159000.0,0.0,9.0
38027,26480500.0,0.0,4.0
38029,15858000.0,4.0,5.0
38031,24105500.0,2.0,2.0
38033,7795000.0,0.0,3.0
38035,6143578800.0,4.0,33.0
38037,47310000.0,0.0,10.0
38039,38838200.0,0.0,1.0
38041,17320000.0,2.0,6.0
38043,19436000.0,0.0,18.0
38045,20016000.0,6.0,10.0
38047,14389000.0,4.0,5.0
38049,12054000.0,0.0,0.0
38051,18166600.0,2.0,0.0
38053,21446000.0,4.0,53.0
38055,20224000.0,7.0,24.0
38057,15862000.0,0.0,8.0
38059,184037500.0,3.0,20.0
38061,8385000.0,0.0,2.0
38063,50819400.0,0.0,2.0
38065,10562600.0,0.0,4.0
38067,74009800.0,4.0,6.0
38069,8323000.0,0.0,0.0
38071,272315700.0,0.0,4.0
38073,33522900.0,1.0,0.0
38075,13124000.0,5.0,8.0
38077,177139500.0,0.0,2.0
38079,7811500.0,3.0,3.0
38081,28402500.0,0.0,0.0
38083,7480000.0,0.0,4.0
38085,30720000.0,6.0,29.0
38087,11156000.0,0.0,0.0
38089,38380500.0,0.0,14.0
38091,30839300.0,0.0,0.0
38093,40510500.0,1.0,26.0
38095,25832700.0,0.0,0.0
38097,49679000.0,0.0,1.0
38099,55781700.0,3.0,1.0
38101,118622000.0,7.0,33.0
38103,12293000.0,4.0,2.0
38105,10419000.0,10.0,19.0
39001,35718000.0,29.0,2.0
39003,3414500.0,0.0,3.0
39005,73896000.0,0.0,10.0
39007,121226500.0,2.0,10.0
39009,36787000.0,5.0,21.0
39011,15408500.0,0.0,2.0
39013,57629000.0,5.0,5.0
39015,24723000.0,4.0,3.0
39017,91267500.0,9.0,20.0
39019,6442100.0,0.0,6.0
39021,11934500.0,1.0,4.0
39023,36788500.0,1.0,4.0
39025,69874000.0,9.0,21.0
39027,14336300.0,1.0,0.0
39029,13209750.0,6.0,3.0
39031,9222250.0,1.0,0.0
39033,116871000.0,0.0,7.0
39035,353053800.0,27.0,108.0
39037,15977250.0,0.0,1.0
39039,1525000.0,0.0,0.0
39041,106251600.0,2.0,16.0
39043,71103000.0,0.0,14.0
39045,36931000.0,4.0,4.0
39047,9242500.0,0.0,4.0
39049,498859350.0,3.0,40.0
39051,2210000.0,2.0,0.0
39053,20546000.0,3.0,4.0
39055,78685000.0,1.0,24.0
39057,55141500.0,7.0,104.0
39059,10111000.0,0.0,3.0
39061,315982700.0,19.0,137.0
39063,286921000.0,0.0,22.0
39065,8725000.0,3.0,0.0
39067,4727500.0,0.0,0.0
39069,940500.0,0.0,5.0
39071,13999000.0,0.0,1.0
39073,13080000.0,0.0,10.0
39075,59889500.0,0.0,9.0
39077,70320500.0,3.0,21.0
39079,19088000.0,0.0,1.0
39081,17401500.0,1.0,2.0
39083,1561510000.0,1.0,10.0
39085,457499000.0,1.0,49.0
39087,36377000.0,3.0,4.0
39089,143260500.0,8.0,7.0
39091,13568500.0,2.0,9.0
39093,155816000.0,7.0,12.0
39095,119292500.0,2.0,19.0
39097,12384000.0,4.0,34.0
39099,85843000.0,4.0,16.0
39101,66316000.0,1.0,12.0
39103,89028000.0,4.0,11.0
39105,30092000.0,3.0,6.0
39107,34615500.0,0.0,28.0
39109,28568750.0,7.0,5.0
39111,10620000.0,2.0,0.0
39113,204126950.0,7.0,28.0
39115,13024500.0,4.0,0.0
39117,38756000.0,0.0,5.0
39119,15601000.0,2.0,3.0
39121,13027200.0,6.0,1.0
39123,87060500.0,0.0,60.0
39125,4259500.0,4.0,19.0
39127,13624000.0,1.0,1.0
39129,20100500.0,0.0,7.0
39131,11009500.0,1.0,5.0
39133,78076500.0,0.0,14.0
39135,14104000.0,6.0,30.0
39137,4898700.0,4.0,3.0
39139,186920000.0,1.0,12.0
39141,22824750.0,4.0,8.0
39143,49959200.0,0.0,18.0
39145,34923500.0,7.0,9.0
39147,64178800.0,2.0,11.0
39149,13590500.0,1.0,1.0
39151,267894000.0,2.0,12.0
39153,602479000.0,9.0,21.0
39155,168980000.0,1.0,47.0
39157,27067750.0,2.0,6.0
39159,15762500.0,4.0,6.0
39161,34753500.0,6.0,17.0
39163,6766500.0,0.0,0.0
39165,72722500.0,4.0,30.0
39167,58111500.0,1.0,11.0
39169,114653200.0,0.0,24.0
39171,3640500.0,1.0,3.0
39173,169866000.0,7.0,45.0
39175,40080000.0,1.0,4.0
40001,10621700.0,3.0,0.0
40003,55754920.0,0.0,1.0
40005,2704090.0,2.0,43.0
40007,94764150.0,6.0,4.0
40009,91160740.0,9.0,56.0
40011,60104010.0,0.0,9.0
40013,2459660.0,4.0,8.0
40015,74374860.0,8.0,23.0
40017,34926060.0,26.0,152.0
40019,16625160.0,23.0,49.0
40021,46553500.0,8.0,19.0
40023,8291800.0,5.0,6.0
40025,9380500.0,1.0,7.0
40027,2765268460.0,53.0,637.0
40029,2687790.0,2.0,1.0
40031,31424050.0,8.0,22.0
40033,3055610.0,2.0,21.0
40035,106835900.0,2.0,16.0
40037,267238200.0,1.0,6.0
40039,55488130.0,2.0,15.0
40041,145625900.0,3.0,27.0
40043,53008250.0,2.0,6.0
40045,53347280.0,0.0,4.0
40047,57436840.0,6.0,2.0
40049,40926560.0,11.0,9.0
40051,136400060.0,19.0,151.0
40053,53406320.0,2.0,1.0
40055,1301520.0,2.0,0.0
40057,1827470.0,0.0,0.0
40059,106959030.0,2.0,16.0
40061,12613100.0,0.0,3.0
40063,26615590.0,2.0,0.0
40065,773181930.0,6.0,11.0
40067,3901350.0,0.0,1.0
40069,11373560.0,6.0,5.0
40071,53236340.0,12.0,30.0
40073,60807560.0,3.0,78.0
40075,8321620.0,2.0,2.0
40077,3154900.0,1.0,4.0
40079,11068500.0,3.0,19.0
40081,103453810.0,9.0,39.0
40083,48176390.0,21.0,60.0
40085,2358630.0,2.0,20.0
40087,24439140.0,2.0,86.0
40089,20979300.0,3.0,7.0
40091,40060100.0,9.0,8.0
40093,52088510.0,1.0,10.0
40095,12774420.0,7.0,13.0
40097,106644600.0,4.0,14.0
40099,10868530.0,2.0,4.0
40101,59621800.0,3.0,6.0
40103,4554780.0,0.0,12.0
40105,47318800.0,3.0,2.0
40107,23695200.0,1.0,5.0
40109,1433196730.0,124.0,2018.0
40111,105623700.0,6.0,0.0
40113,48912200.0,4.0,33.0
40115,146662600.0,15.0,178.0
40117,44142700.0,2.0,0.0
40119,1653770.0,5.0,26.0
40121,19189300.0,3.0,17.0
40123,10477570.0,4.0,12.0
40125,20919330.0,9.0,66.0
40127,4333020.0,3.0,0.0
40129,8849630.0,4.0,4.0
40131,148288500.0,2.0,9.0
40133,6129740.0,6.0,26.0
40135,5568900.0,3.0,13.0
40137,14160050.0,5.0,14.0
40139,33221000.0,3.0,25.0
40141,6375310.0,0.0,3.0
40143,373144500.0,57.0,1906.0
40145,152884900.0,1.0,4.0
40147,49708100.0,2.0,4.0
40149,102908830.0,16.0,21.0
40151,5323160.0,1.0,7.0
40153,11257060.0,12.0,73.0
41001,260000.0,6.0,29.0
41003,248527249.99999997,8.333333333333332,7.333333333333333
41005,43423800.0,21.3,24.0
41007,120309000.0,14.6,13.600000000000001
41009,84435000.0,13.1,14.6
41011,6651666.666666666,9.0,2.333333333333333
41013,20103100.0,0.0,0.0
41015,28414866.666666664,31.0,3.333333333333333
41017,11100266.666666666,1.3333333333333333,5.0
41019,6672666.666666666,9.0,1.3333333333333333
41021,156333.33333333334,1.3333333333333333,0.0
41023,759200.0,0.6666666666666666,0.0
41025,235000.0,0.0,0.0
41027,39600600.0,8.8,14.0
41029,21678000.0,14.0,2.6666666666666665
41031,7785966.666666667,6.333333333333333,138.0
41033,5648200.0,1.0,0.6666666666666666
41035,1711000.0,1.0,22.666666666666668
41037,505000.0,5.0,2.0
41039,260861249.99999997,24.333333333333332,35.33333333333333
41041,216352750.0,18.0,12.0
41043,47890599.99999999,6.633333333333333,12.833333333333332
41045,200010800.0,0.0,0.0
41047,13998800.0,6.8,10.0
41049,2850033.333333333,2.6666666666666665,10.0
41051,25468100.0,15.8,20.5
41053,211816250.0,10.5,3.5
41055,136000.0,1.6666666666666665,1.0
41057,168659000.0,15.6,11.600000000000001
41059,2624166.666666667,2.6666666666666665,10.0
41061,4216016.666666667,5.666666666666667,13.0
41063,1811166.6666666667,1.0,2.0
41065,193866.6666666667,3.0,2.0
41067,47387900.0,13.1,12.6
41069,25533.333333333336,1.6666666666666665,1.0
41071,48650000.0,7.1,5.1000000000000005
42001,824400.0,2.0,0.0
42003,190825550.0,13.0,392.0
42005,20656500.0,1.0,5.0
42007,77394250.0,4.0,6.0
42009,1277980.0,2.0,3.0
42011,64662680.0,31.0,353.0
42013,917980.0,7.0,2.0
42015,131446000.0,1.0,4.0
42017,82830440.0,18.0,163.0
42019,23087850.0,5.0,11.0
42021,1137680.0,2.0,15.0
42023,411900.0,0.0,0.0
42025,27679360.0,21.0,90.0
42027,9921960.0,4.0,6.0
42029,24305150.0,7.0,110.0
42031,83895000.0,5.0,21.0
42033,4293400.0,0.0,24.0
42035,6089300.0,14.0,33.0
42037,16899800.0,0.0,6.0
42039,137112000.0,5.0,27.0
42041,2273900.0,9.0,10.0
42043,154094400.0,10.0,6.0
42045,68866580.0,45.0,172.0
42047,834400.0,0.0,15.0
42049,224108500.0,3.0,68.0
42051,17010250.0,1.0,0.0
42053,1291750.0,1.0,8.0
42055,2205480.0,2.0,0.0
42057,233480.0,0.0,0.0
42059,15757500.0,0.0,0.0
42061,753480.0,1.0,0.0
42063,10194000.0,1.0,6.0
42065,109047000.0,0.0,40.0
42067,1335480.0,4.0,0.0
42069,109454000.0,1.0,8.0
42071,35003900.0,12.0,28.0
42073,6780750.0,0.0,1.0
42075,21873900.0,10.0,162.0
42077,43333170.0,46.0,142.0
42079,312607000.0,6.0,115.0
42081,41043100.0,10.0,2.0
42083,72506400.0,1.0,1.0
42085,11159500.0,1.0,260.0
42087,570980.0,3.0,4.0
42089,203037720.0,19.0,129.0
42091,110804340.0,26.0,102.0
42093,792800.0,0.0,0.0
42095,123974690.0,17.0,117.0
42097,1376800.0,0.0,6.0
42099,671900.0,9.0,0.0
42101,60466990.0,772.0,836.0
42103,66398000.0,0.0,4.0
42105,1497900.0,1.0,4.0
42107,4993900.0,7.0,1.0
42109,625800.0,1.0,0.0
42111,5144980.0,5.0,18.0
42113,11243300.0,1.0,2.0
42115,130680000.0,3.0,2.0
42117,3592800.0,0.0,12.0
42119,26561800.0,0.0,1.0
42121,58105500.0,8.0,28.0
42123,102298500.0,4.0,10.0
42125,28492500.0,1.0,19.0
42127,108858000.0,2.0,3.0
42129,30713250.0,3.0,24.0
42131,155683000.0,2.0,15.0
42133,15031400.0,11.0,12.0
44001,7352000.0,1.0,0.0
44003,31692800.0,1.0,13.0
44005,11392200.0,8.0,0.0
44007,63861400.0,10.0,23.0
44009,44275300.0,7.0,6.0
45001,15002880.0,4.0,2.0
45003,8172730.0,2.0,27.0
45005,39181750.0,1.0,9.0
45007,42362880.0,19.0,18.0
45009,3142000.0,0.0,33.0
45011,659900.0,0.0,5.0
45013,8446900.0,26.0,25.0
45015,14647690.0,16.0,46.0
45017,9092300.0,0.0,4.0
45019,64244850.0,33.0,41.0
45021,25601380.0,1.0,5.0
45023,14884000.0,0.0,1.0
45025,3363120.0,1.0,16.0
45027,14025100.0,6.0,24.0
45029,3913410.0,2.0,12.0
45031,19276000.0,6.0,18.0
45033,42614950.0,2.0,7.0
45035,8705700.0,2.0,11.0
45037,2912600.0,1.0,16.0
45039,1689700.0,3.0,27.0
45041,59075000.0,7.0,29.0
45043,142790000.0,5.0,19.0
45045,44864760.0,16.0,27.0
45047,17974380.0,4.0,2.0
45049,597850.0,4.0,5.0
45051,172764550.0,41.0,74.0
45053,975750.0,2.0,5.0
45055,3401200.0,6.0,24.0
45057,2851510.0,1.0,2.0
45059,20761380.0,8.0,4.0
45061,1912500.0,0.0,1.0
45063,25015800.0,6.0,21.0
45065,656310.0,0.0,5.0
45067,17001250.0,4.0,4.0
45069,13569250.0,3.0,11.0
45071,1474530.0,0.0,10.0
45073,26573060.0,8.0,4.0
45075,26218900.0,2.0,12.0
45077,38016260.0,4.0,26.0
45079,41950260.0,14.0,54.0
45081,2749300.0,0.0,3.0
45083,66100380.0,7.0,19.0
45085,8739420.0,1.0,19.0
45087,21112380.0,6.0,2.0
45089,30513750.0,2.0,13.0
45091,28300300.0,10.0,13.0
46003,3629000.0,4.0,2.0
46005,27279660.0,0.0,6.0
46007,103689000.0,0.0,2.0
46009,5246660.0,0.0,0.0
46011,13345340.0,2.0,3.0
46013,7358200.0,10.0,21.0
46015,4196660.0,4.0,4.0
46017,25000.0,1.0,0.0
46019,27303000.0,1.0,13.0
46021,34000.0,0.0,5.0
46023,6142660.0,0.0,2.0
46025,1261000.0,2.0,5.0
46027,1782660.0,0.0,4.0
46029,3114000.0,10.0,18.0
46031,290000.0,2.0,6.0
46033,9754000.0,0.0,5.0
46035,19374660.0,0.0,45.0
46037,5605000.0,0.0,16.0
46039,5715000.0,0.0,0.0
46041,1131000.0,4.0,2.0
46043,25577660.0,3.0,13.0
46045,158000.0,6.0,4.0
46047,6507250.0,1.0,2.0
46049,56000.0,0.0,0.0
46051,4613000.0,3.0,2.0
46053,7022660.0,0.0,1.0
46055,14819700.0,2.0,0.0
46057,1629000.0,11.0,14.0
46059,170000.0,0.0,2.0
46061,5930000.0,0.0,29.0
46063,17841500.0,0.0,0.0
46065,330000.0,0.0,4.0
46067,32935000.0,8.0,6.0
46069,5000.0,0.0,0.0
46071,11127500.0,4.0,5.0
46073,9640000.0,0.0,3.0
46075,25000.0,0.0,2.0
46077,11335000.0,0.0,6.0
46079,5389200.0,1.0,2.0
46081,27496000.0,4.0,10.0
46083,42537000.0,0.0,23.0
46085,5000.0,2.0,5.0
46087,40733000.0,10.0,151.0
46089,634000.0,4.0,5.0
46091,2114000.0,0.0,0.0
46093,29995000.0,3.0,13.0
46095,1642500.0,0.0,1.0
46097,3289000.0,0.0,1.0
46099,96133660.0,10.0,189.0
46101,3951000.0,2.0,4.0
46103,88459100.0,6.0,37.0
46105,16940700.0,0.0,0.0
46107,14000.0,0.0,0.0
46109,4385000.0,2.0,2.0
46111,5192000.0,0.0,0.0
46113,662000.0,0.0,3.0
46115,770000.0,2.0,4.0
46117,338000.0,0.0,1.0
46119,321000.0,0.0,2.0
46121,3041500.0,0.0,1.0
46123,2293500.0,0.0,2.0
46125,37134000.0,0.0,2.0
46127,3239660.0,0.0,1.0
46129,3000000.0,2.0,6.0
46135,14227000.0,1.0,4.0
46137,18215200.0,0.0,7.0
47001,1926500.0,1.0,0.0
47003,3740200.0,1.0,9.0
47005,14424100.0,5.0,7.0
47007,30023500.0,4.0,10.0
47009,16478000.0,1.0,13.0
47011,48244000.0,11.0,259.0
47013,2162000.0,0.0,0.0
47015,2739900.0,4.0,6.0
47017,20091050.0,15.0,30.0
47019,24251750.0,9.0,0.0
47021,17138300.0,1.0,1.0
47023,1657620.0,0.0,7.0
47025,5574000.0,1.0,18.0
47027,1369600.0,0.0,3.0
47029,2260000.0,2.0,1.0
47031,11613850.0,2.0,28.0
47033,19254280.0,2.0,7.0
47035,48563600.0,11.0,63.0
47037,1729711050.0,24.0,235.0
47039,8736540.0,0.0,2.0
47041,2841600.0,1.0,1.0
47043,10893400.0,1.0,11.0
47045,94852120.0,22.0,102.0
47047,3988240.0,2.0,8.0
47049,36886100.0,2.0,16.0
47051,1387700.0,5.0,3.0
47053,559085670.0,13.0,55.0
47055,3691700.0,5.0,9.0
47057,2307000.0,1.0,0.0
47059,17707000.0,7.0,109.0
47061,5558000.0,0.0,0.0
47063,987000.0,0.0,1.0
47065,156962500.0,18.0,184.0
47067,1276000.0,0.0,0.0
47069,2850180.0,3.0,7.0
47071,26014430.0,10.0,34.0
47073,1289000.0,0.0,0.0
47075,7174000.0,4.0,7.0
47077,20936530.0,3.0,43.0
47079,20039420.0,8.0,38.0
47081,8954700.0,4.0,9.0
47083,7845500.0,1.0,0.0
47085,5437300.0,0.0,3.0
47087,13596100.0,0.0,21.0
47089,4296500.0,0.0,2.0
47091,2894000.0,2.0,3.0
47093,24966000.0,7.0,2.0
47095,5249120.0,0.0,0.0
47097,17513490.0,0.0,12.0
47099,19494100.0,3.0,84.0
47101,3118500.0,0.0,3.0
47103,2603710.0,7.0,11.0
47105,5673500.0,3.0,0.0
47107,23051500.0,2.0,36.0
47109,12714610.0,2.0,10.0
47111,33352100.0,14.0,44.0
47113,200180560.0,30.0,245.0
47115,27798500.0,4.0,10.0
47117,1946500.0,2.0,9.0
47119,14493900.0,9.0,16.0
47121,10848000.0,0.0,0.0
47123,20596500.0,0.0,5.0
47125,93595700.0,4.0,68.0
47127,436000.0,2.0,4.0
47129,2853000.0,7.0,37.0
47131,14104510.0,7.0,10.0
47133,27295000.0,2.0,19.0
47135,5293100.0,7.0,0.0
47137,11063000.0,0.0,5.0
47139,7339000.0,3.0,1.0
47141,50932500.0,1.0,8.0
47143,20029000.0,1.0,6.0
47145,8395000.0,3.0,3.0
47147,10826900.0,0.0,10.0
47149,133442700.0,11.0,160.0
47151,3652000.0,0.0,1.0
47153,7596000.0,3.0,3.0
47155,5519250.0,1.0,6.0
47157,2297504160.0,161.0,430.0
47159,7223500.0,1.0,17.0
47161,14807600.0,3.0,5.0
47163,4760000.0,0.0,10.0
47165,96335000.0,19.0,204.0
47167,31205720.0,5.0,4.0
47169,2811000.0,2.0,5.0
47171,1005000.0,0.0,1.0
47173,2881000.0,0.0,1.0
47175,10491700.0,0.0,0.0
47177,10685200.0,3.0,9.0
47179,12817000.0,2.0,1.0
47181,17928650.0,4.0,14.0
47183,8469390.0,4.0,16.0
47185,11478500.0,0.0,4.0
47187,28232600.0,3.0,9.0
47189,52002600.0,3.0,13.0
48001,41523800.0,10.0,22.0
48003,36426800.0,2.0,9.0
48005,22876000.0,19.0,16.0
48007,3904711000.0,8.0,132.0
48009,2149660.0,0.0,4.0
48011,2267650.0,2.0,0.0
48013,8440500.0,4.0,1.0
48015,6776500.0,4.0,0.0
48017,19723800.0,2.0,14.0
48019,6943000.0,6.0,28.0
48021,526383500.0,6.0,127.0
48023,3300050.0,0.0,0.0
48025,7300000.0,0.0,4.0
48027,214544900.0,20.0,37.0
48029,1564075500.0,63.0,1171.0
48031,22268000.0,4.0,10.0
48033,25507900.0,0.0,0.0
48035,7159000.0,3.0,6.0
48037,261736300.0,0.0,32.0
48039,5524915000.0,12.0,24.0
48041,58198300.0,0.0,6.0
48043,15162200.0,1.0,3.0
48045,2736000.0,0.0,0.0
48047,11492600.0,2.0,2.0
48049,55075500.0,3.0,7.0
48051,50041000.0,0.0,2.0
48053,180583500.0,7.0,5.0
48055,210229000.0,11.0,729.0
48057,565368000.0,3.0,1.0
48059,132434000.0,4.0,33.0
48061,1746608700.0,36.0,23.0
48063,1552000.0,0.0,2.0
48065,63552700.0,10.0,17.0
48067,15688000.0,0.0,3.0
48069,16287000.0,2.0,6.0
48071,624584750.0,4.0,6.0
48073,4441500.0,4.0,11.0
48075,38091900.0,4.0,14.0
48077,4162660.0,0.0,4.0
48079,7177000.0,3.0,0.0
48081,619000.0,0.0,0.0
48083,10797100.0,1.0,4.0
48085,917239100.0,34.0,243.0
48087,2316200.0,0.0,1.0
48089,7349000.0,0.0,13.0
48091,482322000.0,12.0,1028.0
48093,3084500.0,5.0,1.0
48095,3367000.0,0.0,0.0
48097,44953000.0,6.0,52.0
48099,3985200.0,16.0,5.0
48101,3861100.0,2.0,24.0
48103,717000.0,0.0,0.0
48105,1247500.0,8.0,20.0
48107,9960750.0,1.0,17.0
48109,2215700.0,0.0,1.0
48111,4558400.0,2.0,0.0
48113,1729426700.0,247.0,2293.0
48115,2501400.0,0.0,1.0
48117,3344300.0,0.0,20.0
48119,1919800.0,0.0,0.0
48121,754369400.0,27.0,123.0
48123,73472000.0,0.0,1670.0
48125,2463000.0,10.0,2.0
48127,27089000.0,6.0,0.0
48129,19757000.0,1.0,10.0
48131,7119000.0,2.0,2.0
48133,20375750.0,4.0,21.0
48135,303554750.0,1.0,3.0
48137,1923000.0,2.0,15.0
48139,26393000.0,4.0,50.0
48141,669862000.0,3.0,13.0
48143,6812500.0,4.0,4.0
48145,1642000.0,2.0,0.0
48147,10623000.0,8.0,11.0
48149,53767000.0,4.0,22.0
48151,7638000.0,0.0,0.0
48153,6645000.0,6.0,2.0
48155,230760.0,0.0,0.0
48157,8850455500.0,15.0,91.0
48159,3638100.0,0.0,2.0
48161,5706300.0,1.0,5.0
48163,1889500.0,0.0,15.0
48165,21910350.0,0.0,4.0
48167,20537372500.0,77.0,25.0
48169,9722800.0,6.0,26.0
48171,5543000.0,3.0,14.0
48173,1305000.0,0.0,1.0
48175,2701000.0,1.0,0.0
48177,34439000.0,0.0,936.0
48179,44924000.0,33.0,51.0
48181,59297500.0,7.0,163.0
48183,44055200.0,11.0,11.0
48185,143896500.0,1.0,0.0
48187,88135500.0,12.0,1131.0
48189,314477200.0,11.0,15.0
48191,14150900.0,0.0,13.0
48193,10541250.0,0.0,1.0
48195,9353000.0,0.0,2.0
48197,860610.0,0.0,1.0
48199,850811000.0,2.0,2.0
48201,30511977270.0,420.0,4910.0
48203,26731700.0,2.0,3.0
48205,2041600.0,12.0,12.0
48207,6318000.0,1.0,6.0
48209,354541700.0,14.0,235.0
48211,9669000.0,5.0,16.0
48213,15228600.0,2.0,20.0
48215,797159500.0,4.0,32.0
48217,10988110.0,2.0,24.0
48219,45806800.0,4.0,42.0
48221,166667700.0,9.0,216.0
48223,11095200.0,3.0,15.0
48225,209660500.0,3.0,41.0
48227,33010600.0,2.0,49.0
48229,2222500.0,0.0,2.0
48231,10986100.0,5.0,35.0
48233,27250800.0,5.0,32.0
48235,12760000.0,4.0,5.0
48237,5259500.0,2.0,0.0
48239,1004992500.0,2.0,4.0
48241,108438000.0,7.0,20.0
48243,403000.0,0.0,0.0
48245,6843105000.0,16.0,192.0
48247,2043000.0,0.0,0.0
48249,9029000.0,0.0,2.0
48251,172224700.0,11.0,69.0
48253,36625000.0,0.0,2.0
48255,11387000.0,0.0,220.0
48257,110423100.0,12.0,34.0
48259,7608000.0,6.0,23.0
48261,6500.0,2.0,4.0
48263,3354000.0,0.0,0.0
48265,1931000.0,8.0,42.0
48267,26339700.0,4.0,9.0
48269,3519000.0,0.0,0.0
48271,1705000.0,0.0,2.0
48273,7627000.0,2.0,2.0
48275,1107780.0,0.0,0.0
48277,46117900.0,0.0,41.0
48279,17737000.0,6.0,2.0
48281,2785000.0,0.0,1.0
48283,610000.0,0.0,3.0
48285,9174000.0,2.0,364.0
48287,3214000.0,2.0,11.0
48289,8064350.0,0.0,1.0
48291,2485808000.0,5.0,3.0
48293,5533300.0,2.0,31.0
48295,7574100.0,0.0,3.0
48297,4050500.0,6.0,4.0
48299,245388500.0,6.0,20.0
48301,547800.0,0.0,3.0
48303,2680169150.0,21.0,325.0
48305,8237000.0,0.0,57.0
48307,1681000.0,0.0,0.0
48309,12889350.0,20.0,40.0
48311,257000.0,0.0,0.0
48313,178908000.0,2.0,8.0
48315,4780000.0,1.0,8.0
48317,431050.0,0.0,0.0
48319,12633000.0,2.0,7.0
48321,1092329100.0,0.0,13.0
48323,84741500.0,17.0,3.0
48325,63553000.0,2.0,99.0
48327,1014500.0,0.0,0.0
48329,184746900.0,2.0,3.0
48331,5938500.0,5.0,12.0
48333,5661000.0,0.0,1.0
48335,7045200.0,0.0,5.0
48337,226691700.0,8.0,38.0
48339,8068326000.0,41.0,5.0
48341,4979400.0,14.0,47.0
48343,1685000.0,0.0,0.0
48345,2816600.0,0.0,4.0
48347,10865200.0,2.0,6.0
48349,1029432500.0,9.0,25.0
48351,139447000.0,2.0,3.0
48353,18627000.0,4.0,29.0
48355,2729319000.0,41.0,54.0
48357,65545800.0,2.0,7.0
48359,4657250.0,16.0,15.0
48361,3709355000.0,18.0,24.0
48363,86242000.0,6.0,17.0
48365,3527000.0,0.0,3.0
48367,22357350.0,10.0,16.0
48369,25062000.0,0.0,6.0
48371,7991470.0,0.0,2.0
48373,572066000.0,0.0,2.0
48375,498619000.0,24.0,318.0
48377,2643300.0,0.0,0.0
48379,2473600.0,0.0,2.0
48381,342300000.0,18.0,35.0
48383,595700.0,0.0,7.0
48385,3358000.0,4.0,89.0
48387,311523500.0,0.0,7.0
48389,5176900.0,0.0,2.0
48391,1000966500.0,0.0,0.0
48393,1714500.0,2.0,0.0
48395,3400600.0,0.0,0.0
48397,98148600.0,3.0,13.0
48399,15984500.0,2.0,0.0
48401,15908500.0,1.0,7.0
48403,19434000.0,2.0,6.0
48405,25128800.0,2.0,1.0
48407,444962000.0,5.0,7.0
48409,1024457000.0,2.0,7.0
48411,3238500.0,0.0,0.0
48413,6625000.0,4.0,0.0
48415,22053200.0,1.0,1.0
48417,4894000.0,1.0,0.0
48419,10052200.0,1.0,1.0
48421,1605000.0,0.0,14.0
48423,11072500.0,6.0,15.0
48425,2942000.0,2.0,23.0
48427,64701500.0,0.0,0.0
48429,203607400.0,1.0,6.0
48431,82000.0,0.0,4.0
48433,5488500.0,0.0,1.0
48435,16299000.0,0.0,12.0
48437,12691000.0,4.0,8.0
48439,1205802200.0,109.0,1459.0
48441,454697400.0,3.0,52.0
48443,2449500.0,0.0,9.0
48445,6775000.0,2.0,2.0
48447,2100500.0,0.0,8.0
48449,3614000.0,1.0,3.0
48451,52313000.0,9.0,26.0
48453,517062500.0,56.0,269.0
48455,78626500.0,2.0,10.0
48457,186893000.0,1.0,0.0
48459,9475000.0,1.0,4.0
48461,735700.0,0.0,0.0
48463,18444000.0,9.0,111.0
48465,160847000.0,13.0,160.0
48467,49274600.0,9.0,130.0
48469,303052500.0,0.0,0.0
48471,649628000.0,3.0,10.0
48473,732843000.0,2.0,1.0
48475,740500.0,0.0,1.0
48477,314139000.0,5.0,0.0
48479,67041000.0,7.0,0.0
48481,416692000.0,2.0,16.0
48483,7972000.0,4.0,36.0
48485,32395600.0,8.0,10.0
48487,2111470.0,4.0,9.0
48489,160370000.0,0.0,5.0
48491,130906200.0,38.0,39.0
48493,141878000.0,0.0,417.0
48495,352700.0,0.0,2.0
48497,27037600.0,7.0,43.0
48499,4431000.0,1.0,8.0
48501,7202000.0,0.0,1.0
48503,4861100.0,2.0,15.0
48505,2814500.0,0.0,0.0
48507,11660000.0,0.0,47.0
49001,6388238.095238097,0.6666666666666666,30.142857142857146
49003,79939695.83333333,11.166666666666666,168.75
49005,10597762.5,3.5,254.75
49007,25982700.0,5.999999999999999,3.333333333333333
49009,397000.0,1.0,1.0
49011,75701895.83333331,8.166666666666666,138.75000000000003
49013,18925899.999999996,12.666666666666664,13.999999999999998
49015,17977200.0,6.100000000000001,4.733333333333333
49017,6333738.095238095,7.833333333333332,6.142857142857142
49019,8118200.0,4.0,9.0
49021,8963238.095238095,0.6666666666666666,25.142857142857146
49023,5751833.333333334,21.06666666666667,169.13333333333333
49025,6696738.095238095,4.333333333333333,7.142857142857142
49027,665500.0,4.3999999999999995,20.8
49029,1006162.5,4.5,17.25
49031,4798571.428571428,1.0,1.1428571428571428
49033,400762.5,3.5,8.75
49035,260436295.83333328,33.16666666666665,980.0833333333333
49037,2200666.666666667,2.6666666666666665,1.0
49039,24215333.333333336,15.066666666666668,24.46666666666667
49041,1592500.0,3.9,4.800000000000001
49043,9516395.833333332,30.833333333333332,51.25000000000001
49045,68810500.0,15.0,856.0
49047,3117100.0,12.0,1.0
49049,37919733.33333333,25.46666666666666,178.06666666666666
49051,21911833.333333332,24.333333333333336,38.833333333333336
49053,653866238.095238,30.333333333333332,66.14285714285714
49055,13452471.428571431,0.5,2.142857142857143
49057,79183495.83333331,9.166666666666668,161.25
50001,48545500.0,8.0,3.0
50003,6250100.0,0.0,4.0
50005,20264500.0,6.0,18.0
50007,60902000.0,15.0,9.0
50009,7792500.0,4.0,3.0
50011,530853000.0,5.0,5.0
50013,17536000.0,2.0,0.0
50015,20415000.0,4.0,0.0
50017,54291000.0,3.0,1.0
50019,514591000.0,5.0,2.0
50021,88493000.0,17.0,2.0
50023,106642000.0,3.0,10.0
50025,6411500.0,1.0,7.0
50027,142912000.0,7.0,5.0
51001,41227000.0,9.0,1.0
51003,1940300.0,5.0,15.0
51005,15151000.0,2.0,54.0
51007,10992000.0,0.0,4.0
51009,7136400.0,4.0,18.0
51011,13583600.0,1.0,7.0
51013,12625066.666666666,2.333333333333333,52.333333333333336
51015,8065000.0,2.0,2.0
51017,12549200.0,0.0,0.0
51019,11866300.0,7.0,1.0
51021,1700500.0,0.0,0.0
51023,6076130.0,5.0,16.0
51025,1704000.0,2.0,4.0
51027,35635500.0,8.0,0.0
51029,3613000.0,2.0,7.0
51031,14138750.0,2.0,16.0
51033,1127000.0,0.0,4.0
51035,6591250.0,6.0,33.0
51036,390000.0,0.0,0.0
51037,5842360.0,2.0,1.0
51041,6919000.0,2.0,2.0
51043,7297200.0,2.0,6.0
51045,1258550.0,0.0,0.0
51047,11721200.0,9.0,7.0
51049,271000.0,0.0,0.0
51051,11097000.0,0.0,0.0
51053,17234000.0,1.0,22.0
51057,4958000.0,0.0,25.0
51059,67173350.0,10.0,61.0
51061,7530550.0,2.0,2.0
51063,4821700.0,0.0,0.0
51065,1183000.0,0.0,0.0
51067,6774500.0,1.0,19.0
51069,12098300.0,2.0,6.0
51071,7508700.0,2.0,3.0
51073,35314600.0,6.0,26.0
51075,328000.0,2.0,0.0
51077,1999590.0,0.0,4.0
51079,10798700.0,0.0,5.0
51081,2747000.0,2.0,3.0
51083,30338180.0,5.0,27.0
51085,4391000.0,4.0,2.0
51087,5091000.0,3.0,8.0
51089,73442430.0,6.0,19.0
51091,1252500.0,1.0,0.0
51093,17819000.0,4.0,6.0
51095,83535333.33333331,3.666666666666666,10.333333333333334
51097,1415000.0,0.0,0.0
51099,10621200.0,0.0,7.0
51101,1667000.0,0.0,0.0
51103,9246000.0,0.0,0.0
51105,4747500.0,0.0,1.0
51107,15876150.0,2.0,9.0
51109,1245000.0,0.0,0.0
51111,789000.0,0.0,0.0
51113,3991200.0,1.0,0.0
51115,62000000.0,0.0,0.0
51117,9193000.0,0.0,0.0
51119,67234400.0,0.0,0.0
51121,6766900.0,3.0,2.0
51125,2338300.0,0.0,15.0
51127,2246000.0,2.0,0.0
51131,15554000.0,3.0,37.0
51133,72977000.0,0.0,9.0
51135,571000.0,1.0,2.0
51137,4982200.0,0.0,3.0
51139,16825700.0,0.0,0.0
51141,15931320.0,1.0,2.0
51143,18995250.0,4.0,7.0
51145,8474000.0,0.0,0.0
51147,520000.0,0.0,2.0
51149,7718666.666666667,1.3333333333333333,4.0
51153,16600700.0,0.6666666666666666,8.333333333333332
51155,7274270.0,1.0,9.0
51157,2178200.0,0.0,0.0
51159,8207000.0,1.0,6.0
51161,9510666.666666668,0.6666666666666666,0.0
51163,7697749.999999999,0.0,1.0
51165,27775100.0,2.0,9.0
51167,2666000.0,0.0,0.0
51169,1412000.0,2.0,0.0
51171,80904250.0,1.0,8.0
51173,6216050.0,0.0,2.0
51175,2534000.0,1.0,1.0
51177,8740100.0,0.0,15.0
51179,42370800.0,4.0,6.0
51181,14927000.0,0.0,0.0
51183,7645000.0,5.0,8.0
51185,39258000.0,2.0,9.0
51187,95291700.0,2.0,15.0
51191,5482000.0,6.0,52.0
51193,3137000.0,0.0,0.0
51195,4692000.0,1.0,2.0
51197,2231150.0,9.0,12.0
51199,754000.0,0.0,3.0
51510,7700566.666666667,1.3333333333333333,45.33333333333333
51515,180500.0,0.0,1.0
51520,1172000.0,0.0,0.0
51530,1010900.0000000001,0.0,0.0
51540,5357700.0,0.0,161.0
51550,99488000.0,3.0,8.0
51570,3488000.0,6.0,21.0
51580,7197400.0,1.0,50.0
51590,20255760.0,4.0,4.0
51595,695000.0,1.0,0.0
51600,25386600.0,6.0,45.0
51610,7342566.666666667,2.333333333333333,45.33333333333333
51620,4623000.0,0.0,0.0
51630,7611200.0,1.0,6.0
51640,5308600.0,6.0,29.0
51650,13379000.0,0.0,6.0
51660,13970600.0,1.0,7.0
51670,5784666.666666667,1.3333333333333333,5.0
51678,1226800.0,0.0,0.0
51680,37739950.0,1.0,2.0
51683,12644900.0,0.6666666666666666,5.333333333333333
51685,10019400.0,0.6666666666666666,10.333333333333332
51690,3624710.0,3.0,9.0
51700,2713000.0,0.0,0.0
51710,99184000.0,2.0,10.0
51720,1836000.0,0.0,0.0
51730,7239666.666666667,1.3333333333333333,9.0
51735,59000.0,0.0,1.0
51740,72565000.0,0.0,2.0
51750,1128300.0,1.0,0.0
51760,20967000.0,3.0,2.0
51770,6696566.666666667,2.6666666666666665,5.0
51775,4494526.666666667,1.6666666666666665,0.0
51790,12602600.0,0.0,1.0
51800,104018000.0,2.0,216.0
51810,141081000.0,11.0,25.0
51820,11332600.0,3.0,1.0
51830,40660666.66666666,1.3333333333333333,1.6666666666666665
51840,4876100.0,1.0,1.0
53001,7870900.0,2.8,68.4
53003,2271250.0,0.0,0.0
53005,2163750.0,2.0,23.0
53007,142630730.0,12.0,52.0
53009,19666000.0,5.0,4.0
53011,9086500.0,8.666666666666668,9.0
53013,5760000.0,1.0,1.0
53015,13266100.0,2.0,6.0
53017,264157700.0,1.7999999999999998,35.4
53019,24320500.0,0.0,0.0
53021,5367250.0,2.0,23.0
53023,705000.0,0.0,0.0
53025,11774400.0,2.8,68.4
53027,61845000.0,9.0,25.0
53029,12655000.0,1.0,1.0
53031,33577500.0,4.333333333333333,3.6666666666666665
53033,134142500.0,10.999999999999998,30.333333333333336
53035,61308000.0,5.333333333333333,10.666666666666668
53037,22245666.666666664,0.0,1.0
53039,11762916.666666668,8.0,26.0
53041,80895000.0,6.0,4.0
53043,22252600.0,7.8,31.4
53045,27627000.0,4.333333333333333,2.6666666666666665
53047,392974160.0,15.8,26.400000000000002
53049,30779500.000000004,7.333333333333333,2.0
53051,11104999.999999996,4.666666666666666,13.666666666666666
53053,86864800.0,18.0,47.33333333333333
53055,9457000.0,2.0,8.0
53057,18335000.0,1.0,10.0
53059,453000.0,0.6666666666666666,0.0
53061,113853000.00000001,51.0,15.333333333333334
53063,47924510.0,14.666666666666666,80.66666666666667
53065,5495500.0,2.6666666666666665,10.666666666666668
53067,38738000.0,1.0,2.0
53069,23380500.0,7.333333333333333,3.0
53071,9880250.0,3.0,24.0
53073,23954000.0,5.0,36.0
53075,3743900.0,5.0,21.0
53077,82939666.66666666,12.0,29.0
54001,8245000.0,4.0,8.0
54003,2037800.0,0.0,12.0
54005,14499000.0,1.0,0.0
54007,10701000.0,0.0,1.0
54009,47554000.0,0.0,0.0
54011,22708500.0,7.0,2.0
54013,6189500.0,2.0,0.0
54015,22898000.0,0.0,0.0
54017,3880500.0,0.0,0.0
54019,58029500.0,2.0,11.0
54021,7921000.0,0.0,1.0
54023,493000.0,1.0,0.0
54025,45625550.0,17.0,25.0
54027,5558200.0,0.0,5.0
54029,78295750.0,0.0,0.0
54031,24317200.0,0.0,2.0
54033,14713000.0,4.0,4.0
54035,19923200.0,7.0,6.0
54037,43743900.0,1.0,10.0
54039,151771500.0,22.0,15.0
54041,5420500.0,0.0,1.0
54043,25752000.0,5.0,1.0
54045,33614500.0,9.0,3.0
54047,152099000.0,6.0,2.0
54049,9005000.0,2.0,1.0
54051,21007550.0,2.0,3.0
54053,9825000.0,3.0,1.0
54055,16532600.0,4.0,12.0
54057,911500.0,0.0,0.0
54059,54190500.0,1.0,4.0
54061,4699500.0,2.0,0.0
54063,2931800.0,2.0,3.0
54065,2837700.0,2.0,0.0
54067,30311000.0,0.0,0.0
54069,98214850.0,0.0,2.0
54071,11448400.0,1.0,2.0
54073,4649000.0,1.0,0.0
54075,3269500.0,1.0,0.0
54077,7538950.0,0.0,5.0
54079,16484500.0,3.0,13.0
54081,54150500.0,4.0,15.0
54083,6104000.0,3.0,14.0
54085,6145500.0,4.0,0.0
54087,17960000.0,3.0,4.0
54089,3863700.0,0.0,0.0
54091,8314500.0,1.0,0.0
54093,877500.0,0.0,0.0
54095,6305500.0,0.0,0.0
54097,11566000.0,0.0,1.0
54099,19950000.0,7.0,1.0
54101,12535000.0,0.0,1.0
54103,33469000.0,0.0,0.0
54105,6080000.0,0.0,0.0
54107,23058500.0,4.0,23.0
54109,81338500.0,2.0,0.0
55001,16674450.0,2.0,47.0
55003,695000.0,4.0,3.0
55005,45312000.0,10.0,36.0
55007,5537000.0,9.0,4.0
55009,6416000.0,10.0,33.0
55011,12573350.0,2.0,7.0
55013,10209500.0,3.0,16.0
55015,41592500.0,3.0,1.0
55017,5647000.0,4.0,4.0
55019,9116000.0,10.0,35.0
55021,548884960.0,22.0,49.0
55023,62908150.0,5.0,4.0
55025,237694200.0,44.0,478.0
55027,40479700.0,15.0,53.0
55029,6559700.0,3.0,10.0
55031,25161000.0,4.0,0.0
55033,8358600.0,5.0,15.0
55035,14857200.0,3.0,5.0
55037,2060000.0,4.0,0.0
55039,77864350.0,19.0,135.0
55041,688050.0,0.0,0.0
55043,66346850.0,2.0,13.0
55045,16350800.0,2.0,19.0
55047,12690000.0,3.0,5.0
55049,33492830.0,4.0,8.0
55051,3774000.0,3.0,12.0
55053,7319150.0,4.0,10.0
55055,134761000.0,15.0,46.0
55057,44545300.0,10.0,58.0
55059,79338200.0,34.0,85.0
55061,1673000.0,2.0,2.0
55063,76381400.0,10.0,134.0
55065,17345360.0,4.0,25.0
55067,5431000.0,1.0,3.0
55069,12070600.0,0.0,5.0
55071,56620100.0,8.0,30.0
55073,28113200.0,4.0,14.0
55075,1716600.0,5.0,18.0
55077,16995900.0,4.0,2.0
55078,2758000.0,1.0,8.0
55079,272530100.0,141.0,537.0
55081,49665300.0,8.0,94.0
55083,13175200.0,2.0,3.0
55085,3416700.0,1.0,4.0
55087,46678750.0,2.0,34.0
55089,39249860.0,6.0,10.0
55091,28445200.0,0.0,6.0
55093,29645200.0,0.0,0.0
55095,7458000.0,0.0,1.0
55097,9039000.0,2.0,1.0
55099,566500.0,0.0,2.0
55101,46141000.0,16.0,30.0
55103,24219850.0,3.0,3.0
55105,31574060.0,23.0,68.0
55107,26720000.0,0.0,31.0
55109,50475200.0,5.0,10.0
55111,52514000.0,11.0,36.0
55113,521100.0,8.0,3.0
55115,972800.0,0.0,17.0
55117,50464500.0,26.0,47.0
55119,5857200.0,3.0,2.0
55121,23010090.0,14.0,37.0
55123,110087550.0,15.0,15.0
55125,2546000.0,6.0,1.0
55127,25269400.0,8.0,38.0
55129,82500.0,1.0,4.0
55131,45697100.0,19.0,40.0
55133,157346200.0,11.0,34.0
55135,4567500.0,0.0,5.0
55137,33534000.0,1.0,2.0
55139,54298500.0,7.0,13.0
55141,49086500.0,2.0,2.0
56001,766333.3333333334,10.666666666666668,53.0
56003,2939800.0,3.0,7.0
56005,82316500.0,4.0,29.0
56007,150000.0,6.0,8.0
56009,67000.0,0.0,0.0
56011,7493700.0,0.0,9.0
56013,25263800.0,17.166666666666664,43.66666666666667
56015,2807500.0,0.0,3.0
56017,1752000.0,1.6666666666666665,1.6666666666666665
56019,3504033.333333333,6.666666666666667,14.0
56021,41475233.333333336,0.6666666666666666,15.0
56023,3193000.0,19.5,22.0
56025,34989133.333333336,1.6666666666666665,14.0
56027,1597000.0,0.0,0.0
56029,4250600.0,9.066666666666666,20.866666666666667
56031,387633.3333333333,2.6666666666666665,1.0
56033,552000.0,5.0,0.0
56035,20969200.0,21.5,28.0
56037,1795500.0,2.0,18.0
56039,1795100.0,14.9,68.2
56041,2026000.0,0.0,4.0
56043,972133.3333333333,10.666666666666666,0.0
56045,5494600.0,0.0,2.0
