FAT_YEARMONTH,FAT_DAY,FAT_TIME,FATALITY_ID,EVENT_ID,FATALITY_TYPE,FATALITY_DATE,FATALITY_AGE,FATALITY_SEX,FATALITY_LOCATION,EVENT_YEARMONTH
201804,13,0,35464,753636,"I","04/13/2018 00:00:00",,"M","Outside/Open Areas",201804
201805,28,0,35476,754296,"D","05/28/2018 00:00:00",7,"M","Under Tree",201805
201802,4,0,34944,730218,"I","02/04/2018 00:00:00",55,"M","Vehicle/Towed Trailer",201802
201802,4,0,34947,730219,"I","02/04/2018 00:00:00",63,"F","Vehicle/Towed Trailer",201802
201802,9,0,34950,730295,"I","02/09/2018 00:00:00",57,"M","Outside/Open Areas",201802
201802,10,0,34951,730812,"I","02/10/2018 00:00:00",42,"M","Vehicle/Towed Trailer",201802
201802,19,0,35266,731146,"I","02/19/2018 00:00:00",31,"F","Vehicle/Towed Trailer",201802
201802,3,0,35264,731151,"I","02/03/2018 00:00:00",15,"F","Vehicle/Towed Trailer",201802
201802,3,0,35265,731151,"I","02/03/2018 00:00:00",19,"M","Vehicle/Towed Trailer",201802
201802,5,0,35009,732556,"I","02/05/2018 00:00:00",73,"M","Vehicle/Towed Trailer",201802
201802,25,0,35267,733561,"I","02/25/2018 00:00:00",21,"M","Camping",201802
201802,18,0,35023,734019,"D","02/18/2018 00:00:00",74,"M","Outside/Open Areas",201802
201802,24,0,35215,737279,"D","02/24/2018 00:00:00",77,"M","Vehicle/Towed Trailer",201802
201802,20,0,35239,737304,"I","02/20/2018 00:00:00",18,"M","Vehicle/Towed Trailer",201802
201802,17,0,35223,739742,"D","02/17/2018 00:00:00",30,"M","Outside/Open Areas",201802
201802,3,0,35248,740978,"I","02/03/2018 00:00:00",22,"M","Vehicle/Towed Trailer",201802
201802,3,0,35249,740979,"I","02/03/2018 00:00:00",17,"F","Vehicle/Towed Trailer",201802
201802,3,0,35250,740979,"I","02/03/2018 00:00:00",13,"F","Vehicle/Towed Trailer",201802
201802,6,0,35255,741419,"D","02/06/2018 00:00:00",22,"M","Outside/Open Areas",201802
201802,20,0,35268,742240,"D","02/20/2018 00:00:00",47,"M","Vehicle/Towed Trailer",201802
201802,21,0,35274,742595,"D","02/21/2018 00:00:00",53,"M","Vehicle/Towed Trailer",201802
201802,18,0,35275,742615,"D","02/18/2018 00:00:00",74,"M","Other",201802
201802,23,0,35284,743137,"I","02/23/2018 00:00:00",,"M","Vehicle/Towed Trailer",201802
201802,22,0,35278,743238,"I","02/22/2018 00:00:00",50,"","Vehicle/Towed Trailer",201802
201802,2,0,35279,743249,"D","02/02/2018 00:00:00",70,"F","Other",201802
201802,2,0,35280,743249,"D","02/02/2018 00:00:00",61,"F","Other",201802
201802,24,0,35272,735022,"D","02/24/2018 00:00:00",79,"F","Permanent Home",201802
201802,24,0,37373,736714,"D","02/24/2018 00:00:00",69,"M","Vehicle/Towed Trailer",201802
201803,2,0,35362,746515,"D","03/02/2018 00:00:00",6,"M","Mobile/Trailer Home",201803
201803,2,0,35358,746598,"D","03/02/2018 00:00:00",44,"M","Vehicle/Towed Trailer",201803
201807,24,0,36192,759483,"D","07/24/2018 00:00:00",32,"F","Permanent Home",201807
201808,31,0,37315,782878,"I","08/31/2018 00:00:00",15,"M","In Water",201808
201811,29,0,36376,789445,"I","11/29/2018 00:00:00",20,"M","Vehicle/Towed Trailer",201811
201811,2,0,36797,791228,"D","11/02/2018 00:00:00",54,"M","Permanent Structure",201811
201811,2,0,36798,791228,"D","11/02/2018 00:00:00",37,"M","Permanent Structure",201811
201811,15,0,37218,794496,"I","11/15/2018 00:00:00",17,"M","Vehicle/Towed Trailer",201811
201811,15,0,37219,794496,"I","11/15/2018 00:00:00",26,"M","Vehicle/Towed Trailer",201811
201811,15,0,37220,794496,"I","11/15/2018 00:00:00",56,"M","Vehicle/Towed Trailer",201811
201811,15,0,37221,794496,"I","11/15/2018 00:00:00",57,"M","Vehicle/Towed Trailer",201811
201811,8,0,37251,795857,"D","11/08/2018 00:00:00",73,"M","Permanent Home",201811
201811,8,0,37252,795857,"D","11/08/2018 00:00:00",,"","Vehicle/Towed Trailer",201811
201811,8,0,37253,795857,"D","11/08/2018 00:00:00",,"","Vehicle/Towed Trailer",201811
201811,8,0,37254,795858,"D","11/08/2018 00:00:00",73,"M","Permanent Home",201811
201811,8,0,37255,795858,"D","11/08/2018 00:00:00",,"","Vehicle/Towed Trailer",201811
201811,8,0,37256,795858,"D","11/08/2018 00:00:00",,"","Vehicle/Towed Trailer",201811
201811,8,0,37257,795859,"D","11/08/2018 00:00:00",73,"M","Permanent Home",201811
201811,8,0,37258,795859,"D","11/08/2018 00:00:00",,"","Vehicle/Towed Trailer",201811
201803,2,0,35261,740887,"D","03/02/2018 00:00:00",45,"M","Vehicle/Towed Trailer",201803
201803,28,0,35277,743228,"I","03/28/2018 00:00:00",48,"M","Vehicle/Towed Trailer",201803
201811,8,0,37259,795859,"D","11/08/2018 00:00:00",,"","Vehicle/Towed Trailer",201811
201811,8,0,37260,795860,"D","11/08/2018 00:00:00",73,"M","Permanent Home",201811
201811,8,0,37261,795860,"D","11/08/2018 00:00:00",,"","Vehicle/Towed Trailer",201811
201811,8,0,37262,795860,"D","11/08/2018 00:00:00",,"","Vehicle/Towed Trailer",201811
201807,5,0,35878,754786,"D","07/05/2018 00:00:00",,"","Unknown",201807
201807,1,0,35486,755349,"D","07/01/2018 00:00:00",57,"F","Mobile/Trailer Home",201807
201807,5,0,35508,755558,"D","07/05/2018 00:00:00",,"","Unknown",201807
201807,7,0,35489,756196,"D","07/07/2018 00:00:00",62,"M","In Water",201807
201807,5,0,35668,756201,"I","07/05/2018 00:00:00",72,"M","Outside/Open Areas",201807
201807,10,0,35688,756300,"D","07/10/2018 00:00:00",36,"F","Vehicle/Towed Trailer",201807
201807,10,0,35689,756300,"D","07/10/2018 00:00:00",77,"M","Vehicle/Towed Trailer",201807
201807,19,0,35788,758037,"D","07/19/2018 00:00:00",3,"M","Vehicle/Towed Trailer",201807
201807,19,0,35551,759719,"D","07/19/2018 00:00:00",32,"M","In Water",201807
201807,11,0,35622,760551,"D","07/11/2018 00:00:00",61,"M","In Water",201807
201811,8,0,37263,795861,"D","11/08/2018 00:00:00",73,"M","Permanent Home",201811
201807,3,0,35901,761147,"D","07/03/2018 00:00:00",24,"M","In Water",201807
201807,17,0,35571,761300,"D","07/17/2018 00:00:00",60,"M","Outside/Open Areas",201807
201807,1,0,35577,762222,"D","07/01/2018 00:00:00",47,"F","In Water",201807
201807,29,0,35579,762346,"D","07/29/2018 00:00:00",65,"M","In Water",201807
201807,23,0,35626,763448,"D","07/23/2018 00:00:00",56,"M","Under Tree",201807
201807,19,0,35612,764060,"D","07/19/2018 00:00:00",64,"M","Outside/Open Areas",201807
201807,9,0,35883,766986,"D","07/09/2018 00:00:00",0,"M","Mobile/Trailer Home",201807
201807,14,0,35670,767811,"D","07/14/2018 00:00:00",36,"M","Outside/Open Areas",201807
201807,29,0,35671,767811,"D","07/29/2018 00:00:00",33,"M","Under Tree",201807
201807,14,0,35672,768073,"D","07/14/2018 00:00:00",36,"M","Outside/Open Areas",201807
201807,29,0,35673,768073,"D","07/29/2018 00:00:00",33,"M","Under Tree",201807
201811,8,0,37264,795861,"D","11/08/2018 00:00:00",,"","Vehicle/Towed Trailer",201811
201811,8,0,37265,795861,"D","11/08/2018 00:00:00",,"","Vehicle/Towed Trailer",201811
201807,2,0,35725,773530,"I","07/02/2018 00:00:00",62,"M","Unknown",201807
201807,1,0,35723,773530,"I","07/01/2018 00:00:00",53,"M","Outside/Open Areas",201807
201807,2,0,35724,773530,"D","07/02/2018 00:00:00",78,"M","Outside/Open Areas",201807
201807,2,0,35727,773530,"I","07/02/2018 00:00:00",61,"F","Outside/Open Areas",201807
201807,4,0,35729,773530,"I","07/04/2018 00:00:00",52,"M","Outside/Open Areas",201807
201807,4,0,35728,773530,"D","07/04/2018 00:00:00",78,"F","Permanent Home",201807
201807,5,0,35730,773530,"D","07/05/2018 00:00:00",49,"F","Permanent Home",201807
201807,2,0,35726,773530,"D","07/02/2018 00:00:00",65,"M","Vehicle/Towed Trailer",201807
201807,5,0,35731,773531,"D","07/05/2018 00:00:00",78,"M","Outside/Open Areas",201807
201807,6,0,35733,773532,"D","07/06/2018 00:00:00",47,"M","Outside/Open Areas",201807
201807,7,0,35734,773532,"D","07/07/2018 00:00:00",28,"M","Outside/Open Areas",201807
201807,7,0,35735,773532,"D","07/07/2018 00:00:00",47,"M","Outside/Open Areas",201807
201807,8,0,35736,773532,"D","07/08/2018 00:00:00",84,"F","Outside/Open Areas",201807
201807,9,0,35737,773532,"D","07/09/2018 00:00:00",60,"M","Outside/Open Areas",201807
201807,10,0,35739,773532,"D","07/10/2018 00:00:00",71,"M","Outside/Open Areas",201807
201807,10,0,35740,773532,"I","07/10/2018 00:00:00",46,"M","Outside/Open Areas",201807
201807,6,0,35732,773532,"D","07/06/2018 00:00:00",78,"F","Permanent Home",201807
201807,10,0,35738,773532,"D","07/10/2018 00:00:00",56,"M","Permanent Home",201807
201807,13,0,35741,773533,"I","07/13/2018 00:00:00",57,"M","Outside/Open Areas",201807
201807,11,0,35743,773534,"D","07/11/2018 00:00:00",70,"M","Outside/Open Areas",201807
201807,11,0,35744,773534,"D","07/11/2018 00:00:00",48,"M","Outside/Open Areas",201807
201807,12,0,35745,773534,"D","07/12/2018 00:00:00",62,"M","Outside/Open Areas",201807
201807,14,0,35747,773534,"D","07/14/2018 00:00:00",61,"M","Outside/Open Areas",201807
201807,11,0,35742,773534,"D","07/11/2018 00:00:00",70,"M","Permanent Home",201807
201807,12,0,35746,773534,"D","07/12/2018 00:00:00",28,"M","Vehicle/Towed Trailer",201807
201807,15,0,35748,773534,"I","07/15/2018 00:00:00",29,"M","Vehicle/Towed Trailer",201807
201807,16,0,35749,773535,"I","07/16/2018 00:00:00",47,"M","Outside/Open Areas",201807
201807,17,0,35751,773535,"I","07/17/2018 00:00:00",59,"M","Outside/Open Areas",201807
201807,17,0,35752,773535,"I","07/17/2018 00:00:00",64,"M","Outside/Open Areas",201807
201807,19,0,35754,773535,"D","07/19/2018 00:00:00",,"M","Outside/Open Areas",201807
201807,17,0,35750,773535,"D","07/17/2018 00:00:00",79,"F","Permanent Home",201807
201807,18,0,35753,773535,"I","07/18/2018 00:00:00",99,"F","Permanent Home",201807
201807,20,0,35755,773536,"D","07/20/2018 00:00:00",35,"M","Outside/Open Areas",201807
201807,20,0,35756,773536,"D","07/20/2018 00:00:00",50,"M","Outside/Open Areas",201807
201807,21,0,35757,773536,"D","07/21/2018 00:00:00",53,"M","Outside/Open Areas",201807
201807,22,0,35758,773536,"I","07/22/2018 00:00:00",63,"M","Outside/Open Areas",201807
201807,23,0,35759,773536,"I","07/23/2018 00:00:00",75,"M","Permanent Home",201807
201807,25,0,35761,773537,"I","07/25/2018 00:00:00",68,"M","Unknown",201807
201807,28,0,35773,773537,"D","07/28/2018 00:00:00",59,"M","Other",201807
201807,24,0,35760,773537,"D","07/24/2018 00:00:00",54,"M","Outside/Open Areas",201807
201807,25,0,35762,773537,"I","07/25/2018 00:00:00",75,"F","Outside/Open Areas",201807
201807,26,0,35764,773537,"D","07/26/2018 00:00:00",56,"M","Outside/Open Areas",201807
201807,26,0,35765,773537,"D","07/26/2018 00:00:00",44,"M","Outside/Open Areas",201807
201807,26,0,35766,773537,"D","07/26/2018 00:00:00",58,"M","Outside/Open Areas",201807
201807,27,0,35770,773537,"D","07/27/2018 00:00:00",41,"M","Outside/Open Areas",201807
201807,28,0,35771,773537,"D","07/28/2018 00:00:00",46,"M","Outside/Open Areas",201807
201807,28,0,35772,773537,"D","07/28/2018 00:00:00",54,"M","Outside/Open Areas",201807
201807,25,0,35763,773537,"D","07/25/2018 00:00:00",71,"F","Permanent Home",201807
201807,26,0,35767,773537,"D","07/26/2018 00:00:00",68,"M","Permanent Home",201807
201807,26,0,35768,773537,"I","07/26/2018 00:00:00",55,"M","Permanent Home",201807
201807,27,0,35769,773537,"D","07/27/2018 00:00:00",66,"F","Permanent Home",201807
201807,29,0,35774,773537,"D","07/29/2018 00:00:00",42,"F","Permanent Home",201807
201807,29,0,35775,773537,"D","07/29/2018 00:00:00",81,"M","Permanent Home",201807
201807,30,0,35776,773537,"D","07/30/2018 00:00:00",75,"M","Permanent Home",201807
201807,6,0,35880,774967,"D","07/06/2018 00:00:00",78,"M","Vehicle/Towed Trailer",201807
201807,16,0,35857,775396,"I","07/16/2018 00:00:00",25,"M","In Water",201807
201807,18,0,35858,775400,"I","07/18/2018 00:00:00",68,"M","In Water",201807
201807,15,0,35862,775579,"D","07/15/2018 00:00:00",43,"F","In Water",201807
201807,25,0,35863,775581,"D","07/25/2018 00:00:00",41,"M","In Water",201807
201807,21,0,35879,776172,"D","07/21/2018 00:00:00",20,"M","In Water",201807
201809,2,0,36066,771912,"D","09/02/2018 00:00:00",49,"M","Outside/Open Areas",201809
201809,9,0,35786,773417,"D","09/09/2018 00:00:00",9,"M","In Water",201809
201809,9,0,35777,773823,"D","09/09/2018 00:00:00",64,"M","In Water",201809
201809,10,0,35991,773826,"D","09/10/2018 00:00:00",24,"M","In Water",201809
201809,28,0,35886,776881,"I","09/28/2018 00:00:00",1,"M","Vehicle/Towed Trailer",201809
201809,28,0,35887,776881,"I","09/28/2018 00:00:00",,"F","Vehicle/Towed Trailer",201809
201809,15,0,35904,778074,"D","09/15/2018 00:00:00",17,"M","In Water",201809
201809,23,0,35990,780582,"D","09/23/2018 00:00:00",43,"M","In Water",201809
201809,7,0,36025,783402,"D","09/07/2018 00:00:00",85,"M","Permanent Home",201809
201809,7,0,36026,783402,"D","09/07/2018 00:00:00",71,"M","Permanent Home",201809
201809,9,0,36027,783403,"D","09/09/2018 00:00:00",41,"M","Outside/Open Areas",201809
201809,17,0,36028,783404,"D","09/17/2018 00:00:00",58,"M","Outside/Open Areas",201809
201809,23,0,36138,783701,"D","09/23/2018 00:00:00",23,"F","Vehicle/Towed Trailer",201809
201809,7,0,36081,784008,"D","09/07/2018 00:00:00",35,"M","Vehicle/Towed Trailer",201809
201809,8,0,36137,784424,"D","09/08/2018 00:00:00",40,"M","Vehicle/Towed Trailer",201809
201809,6,0,36077,785023,"D","09/06/2018 00:00:00",33,"M","Outside/Open Areas",201809
201809,8,0,36084,785388,"D","09/08/2018 00:00:00",69,"M","In Water",201809
201809,8,0,36087,785476,"D","09/08/2018 00:00:00",18,"F","In Water",201809
201809,8,0,36088,785476,"D","09/08/2018 00:00:00",2,"F","In Water",201809
201809,10,0,36091,785483,"D","09/10/2018 00:00:00",54,"F","Permanent Home",201809
201809,21,0,36098,786080,"D","09/21/2018 00:00:00",23,"M","In Water",201809
201809,17,0,36115,786781,"D","09/17/2018 00:00:00",53,"F","Unknown",201809
201809,29,0,36116,786876,"D","09/29/2018 00:00:00",27,"M","Outside/Open Areas",201809
201809,17,0,36119,786922,"D","09/17/2018 00:00:00",60,"M","Business",201809
201809,26,0,36136,787252,"D","09/26/2018 00:00:00",61,"F","Outside/Open Areas",201809
201809,16,0,36139,787800,"D","09/16/2018 00:00:00",0,"M","Mobile/Trailer Home",201809
201809,15,0,36140,787816,"I","09/15/2018 00:00:00",61,"F","Vehicle/Towed Trailer",201809
201809,9,0,36141,787817,"D","09/09/2018 00:00:00",49,"M","Other",201809
201809,9,0,36142,787817,"D","09/09/2018 00:00:00",41,"F","Other",201809
201809,16,0,36144,787887,"D","09/16/2018 00:00:00",1,"M","Vehicle/Towed Trailer",201809
201809,17,0,36145,787914,"D","09/17/2018 00:00:00",88,"M","Vehicle/Towed Trailer",201809
201809,18,0,36146,787921,"D","09/18/2018 00:00:00",46,"F","Vehicle/Towed Trailer",201809
201805,4,0,35538,743632,"D","05/04/2018 00:00:00",36,"M","Under Tree",201805
201805,21,0,35341,746849,"D","05/21/2018 00:00:00",,"F","In Water",201805
201806,25,0,36824,764407,"D","06/25/2018 00:00:00",14,"M","Camping",201806
201807,28,0,36185,774715,"I","07/28/2018 00:00:00",,"","Unknown",201807
201807,23,0,36186,774715,"I","07/23/2018 00:00:00",81,"M","Heavy Equipment/Construction",201807
201807,26,0,35875,774718,"I","07/26/2018 00:00:00",70,"F","Unknown",201807
201807,26,0,35872,774718,"I","07/26/2018 00:00:00",37,"M","Vehicle/Towed Trailer",201807
201807,26,0,35873,774718,"I","07/26/2018 00:00:00",5,"M","Vehicle/Towed Trailer",201807
201807,26,0,35874,774718,"I","07/26/2018 00:00:00",4,"F","Vehicle/Towed Trailer",201807
201809,14,0,36129,783856,"D","09/14/2018 00:00:00",65,"M","Outside/Open Areas",201809
201809,15,0,36130,783860,"D","09/15/2018 00:00:00",79,"F","Outside/Open Areas",201809
201809,15,0,36131,783872,"D","09/15/2018 00:00:00",81,"M","Outside/Open Areas",201809
201807,4,0,36809,784380,"D","07/04/2018 00:00:00",,"M","Outside/Open Areas",201807
201809,14,0,36074,784961,"I","09/14/2018 00:00:00",61,"","Permanent Home",201809
201809,14,0,36075,784961,"I","09/14/2018 00:00:00",63,"","Permanent Home",201809
201809,16,0,36124,784963,"D","09/16/2018 00:00:00",81,"M","Vehicle/Towed Trailer",201809
201809,15,0,36125,784966,"D","09/15/2018 00:00:00",45,"F","Vehicle/Towed Trailer",201809
201809,15,0,36126,784966,"D","09/15/2018 00:00:00",43,"F","Vehicle/Towed Trailer",201809
201809,16,0,36123,784975,"D","09/16/2018 00:00:00",23,"M","Vehicle/Towed Trailer",201809
201809,14,0,36092,785740,"D","09/14/2018 00:00:00",68,"M","Unknown",201809
201809,13,0,36128,785741,"D","09/13/2018 00:00:00",77,"M","Unknown",201809
201809,17,0,36094,785747,"I","09/17/2018 00:00:00",74,"M","Permanent Home",201809
201809,17,0,36095,785748,"I","09/17/2018 00:00:00",22,"F","Permanent Home",201809
201809,18,0,36096,785756,"I","09/18/2018 00:00:00",67,"M","Outside/Open Areas",201809
201809,15,0,36122,786489,"D","09/15/2018 00:00:00",83,"","Vehicle/Towed Trailer",201809
201809,15,0,36121,786498,"D","09/15/2018 00:00:00",51,"F","Vehicle/Towed Trailer",201809
201809,15,0,36120,786794,"D","09/15/2018 00:00:00",71,"M","Vehicle/Towed Trailer",201809
201809,25,0,36127,786993,"I","09/25/2018 00:00:00",85,"M","Outside/Open Areas",201809
201801,3,0,34676,727673,"D","01/03/2018 00:00:00",75,"M","Outside/Open Areas",201801
201801,3,0,35288,727674,"D","01/03/2018 00:00:00",88,"F","Outside/Open Areas",201801
201801,1,0,34680,727675,"D","01/01/2018 00:00:00",27,"F","Outside/Open Areas",201801
201801,10,0,34681,727697,"I","01/10/2018 00:00:00",35,"M","Vehicle/Towed Trailer",201801
201801,17,0,34824,727703,"D","01/17/2018 00:00:00",52,"F","Outside/Open Areas",201801
201801,2,0,35224,736999,"D","01/02/2018 00:00:00",,"","Outside/Open Areas",201801
201801,2,0,35226,737000,"D","01/02/2018 00:00:00",,"","Outside/Open Areas",201801
201801,16,0,35228,737656,"D","01/16/2018 00:00:00",,"M","Outside/Open Areas",201801
201801,2,0,35227,739886,"D","01/02/2018 00:00:00",,"","Outside/Open Areas",201801
201801,17,0,35232,739887,"D","01/17/2018 00:00:00",82,"F","Outside/Open Areas",201801
201801,5,0,35022,733846,"D","01/05/2018 00:00:00",46,"F","Outside/Open Areas",
201802,24,0,35270,738582,"D","02/24/2018 00:00:00",83,"M","Mobile/Trailer Home",201802
201802,20,0,35287,743753,"I","02/20/2018 00:00:00",52,"F","In Water",
201802,24,0,35369,747628,"D","02/24/2018 00:00:00",38,"F","Boating",
201801,1,0,35076,726052,"D","01/01/2018 00:00:00",52,"F","Outside/Open Areas",201801
201801,4,0,34623,726215,"I","01/04/2018 00:00:00",20,"M","Vehicle/Towed Trailer",201801
201801,4,0,34618,726225,"I","01/04/2018 00:00:00",29,"M","Vehicle/Towed Trailer",201801
201801,1,0,34619,726403,"D","01/01/2018 00:00:00",49,"M","Outside/Open Areas",201801
201801,1,0,34620,726404,"D","01/01/2018 00:00:00",,"M","Outside/Open Areas",201801
201801,3,0,34622,726483,"D","01/03/2018 00:00:00",21,"M","In Water",201801
201801,8,0,34626,726786,"I","01/08/2018 00:00:00",56,"M","Vehicle/Towed Trailer",201801
201801,12,0,34631,727203,"I","01/12/2018 00:00:00",,"M","Outside/Open Areas",201801
201801,12,0,34926,727233,"D","01/12/2018 00:00:00",18,"F","Vehicle/Towed Trailer",201801
201801,12,0,34927,727233,"D","01/12/2018 00:00:00",56,"M","Vehicle/Towed Trailer",201801
201801,17,0,35083,727488,"D","01/17/2018 00:00:00",69,"M","Outside/Open Areas",201801
201801,17,0,35084,727488,"D","01/17/2018 00:00:00",57,"F","Outside/Open Areas",201801
201801,15,0,34645,727489,"D","01/15/2018 00:00:00",52,"M","Vehicle/Towed Trailer",201801
201801,15,0,34646,727489,"D","01/15/2018 00:00:00",35,"M","Vehicle/Towed Trailer",201801
201801,18,0,34649,727604,"I","01/18/2018 00:00:00",26,"M","Vehicle/Towed Trailer",201801
201801,21,0,34686,727985,"D","01/21/2018 00:00:00",27,"M","Outside/Open Areas",201801
201801,21,0,34687,728128,"I","01/21/2018 00:00:00",60,"M","Vehicle/Towed Trailer",201801
201801,11,0,34688,728269,"I","01/11/2018 00:00:00",82,"F","Vehicle/Towed Trailer",201801
201801,12,0,35014,728565,"D","01/12/2018 00:00:00",82,"M","Outside/Open Areas",201801
201801,24,0,34923,729040,"I","01/24/2018 00:00:00",25,"M","Outside/Open Areas",201801
201801,26,0,34941,730198,"I","01/26/2018 00:00:00",26,"F","In Water",201801
201801,13,0,34968,731057,"I","01/13/2018 00:00:00",31,"F","Vehicle/Towed Trailer",201801
201801,4,0,34992,731598,"D","01/04/2018 00:00:00",65,"F","Outside/Open Areas",201801
201801,3,0,34991,731599,"D","01/03/2018 00:00:00",57,"F","Outside/Open Areas",201801
201801,3,0,34990,731600,"D","01/03/2018 00:00:00",96,"F","Outside/Open Areas",201801
201801,1,0,34989,731601,"D","01/01/2018 00:00:00",55,"M","Outside/Open Areas",201801
201801,17,0,35066,731727,"I","01/17/2018 00:00:00",48,"M","Outside/Open Areas",201801
201801,2,0,35175,733015,"D","01/02/2018 00:00:00",45,"F","Outside/Open Areas",201801
201801,17,0,35020,733767,"I","01/17/2018 00:00:00",48,"M","Outside/Open Areas",201801
201801,17,0,35021,733767,"I","01/17/2018 00:00:00",63,"M","Vehicle/Towed Trailer",201801
201801,6,0,35089,734468,"I","01/06/2018 00:00:00",14,"M","Outside/Open Areas",201801
201801,9,0,35038,734679,"I","01/09/2018 00:00:00",,"","Vehicle/Towed Trailer",201801
201801,9,0,35039,734679,"I","01/09/2018 00:00:00",,"","Vehicle/Towed Trailer",201801
201801,2,0,35073,734806,"D","01/02/2018 00:00:00",60,"F","Outside/Open Areas",201801
201801,7,0,35074,734809,"D","01/07/2018 00:00:00",19,"M","Outside/Open Areas",201801
201801,24,0,35060,734908,"I","01/24/2018 00:00:00",41,"M","Vehicle/Towed Trailer",201801
201801,24,0,35061,734912,"I","01/24/2018 00:00:00",,"M","Vehicle/Towed Trailer",201801
201801,24,0,35062,734912,"I","01/24/2018 00:00:00",,"","Vehicle/Towed Trailer",201801
201801,17,0,35067,735408,"I","01/17/2018 00:00:00",57,"M","Outside/Open Areas",201801
201801,17,0,35068,735409,"I","01/17/2018 00:00:00",0,"M","Vehicle/Towed Trailer",201801
201801,17,0,35085,735822,"I","01/17/2018 00:00:00",6,"M","Outside/Open Areas",201801
201801,10,0,35077,735911,"D","01/10/2018 00:00:00",59,"M","Vehicle/Towed Trailer",201801
201801,9,0,35091,736574,"I","01/09/2018 00:00:00",65,"M","Outside/Open Areas",201801
201801,5,0,35090,737012,"I","01/05/2018 00:00:00",36,"F","Outside/Open Areas",201801
201801,3,0,35092,737092,"I","01/03/2018 00:00:00",57,"M","Vehicle/Towed Trailer",201801
201801,3,0,35093,737092,"I","01/03/2018 00:00:00",73,"M","Vehicle/Towed Trailer",201801
201801,8,0,35136,737106,"I","01/08/2018 00:00:00",23,"F","Vehicle/Towed Trailer",201801
201801,9,0,35194,737349,"D","01/09/2018 00:00:00",,"","Unknown",201801
201801,9,0,35195,737349,"D","01/09/2018 00:00:00",,"","Unknown",201801
201801,9,0,35196,737349,"D","01/09/2018 00:00:00",,"","Unknown",201801
201801,9,0,35197,737349,"D","01/09/2018 00:00:00",,"","Unknown",201801
201801,9,0,35198,737349,"D","01/09/2018 00:00:00",,"","Unknown",201801
201801,9,0,35199,737349,"D","01/09/2018 00:00:00",,"","Unknown",201801
201801,9,0,35200,737349,"D","01/09/2018 00:00:00",,"","Unknown",201801
201801,9,0,35201,737349,"D","01/09/2018 00:00:00",,"","Unknown",201801
201801,9,0,35202,737349,"D","01/09/2018 00:00:00",,"","Unknown",201801
201801,9,0,35203,737349,"D","01/09/2018 00:00:00",,"","Unknown",201801
201801,9,0,35204,737349,"D","01/09/2018 00:00:00",,"","Unknown",201801
201801,9,0,35205,737349,"D","01/09/2018 00:00:00",,"","Unknown",201801
201801,9,0,35206,737349,"D","01/09/2018 00:00:00",,"","Unknown",201801
201801,9,0,35207,737349,"D","01/09/2018 00:00:00",,"","Unknown",201801
201801,9,0,35208,737349,"D","01/09/2018 00:00:00",,"","Unknown",201801
201801,9,0,35209,737349,"D","01/09/2018 00:00:00",,"","Unknown",201801
201801,9,0,35210,737349,"D","01/09/2018 00:00:00",,"","Unknown",201801
201801,9,0,35211,737349,"D","01/09/2018 00:00:00",,"","Unknown",201801
201801,9,0,35212,737349,"D","01/09/2018 00:00:00",,"","Unknown",201801
201801,9,0,35213,737349,"D","01/09/2018 00:00:00",,"","Unknown",201801
201801,9,0,35214,737349,"D","01/09/2018 00:00:00",,"","Unknown",201801
201801,17,0,35139,737398,"D","01/17/2018 00:00:00",72,"F","Permanent Structure",201801
201801,10,0,35162,737434,"D","01/10/2018 00:00:00",36,"M","Vehicle/Towed Trailer",201801
201801,20,0,35161,737438,"D","01/20/2018 00:00:00",46,"M","Vehicle/Towed Trailer",201801
201801,25,0,35167,737504,"D","01/25/2018 00:00:00",68,"F","Outside/Open Areas",201801
201801,2,0,35171,737519,"I","01/02/2018 00:00:00",64,"M","Vehicle/Towed Trailer",201801
201801,17,0,35181,737640,"D","01/17/2018 00:00:00",84,"M","Permanent Home",201801
201801,1,0,35182,737791,"D","01/01/2018 00:00:00",,"","Outside/Open Areas",201801
201801,12,0,35183,737796,"D","01/12/2018 00:00:00",,"","Outside/Open Areas",201801
201801,1,0,35190,738328,"I","01/01/2018 00:00:00",21,"M","Vehicle/Towed Trailer",201801
201801,1,0,35189,738329,"D","01/01/2018 00:00:00",,"M","Outside/Open Areas",201801
201808,3,0,35623,764696,"I","08/03/2018 00:00:00",53,"M","Vehicle/Towed Trailer",201808
201808,20,0,35853,774127,"I","08/20/2018 00:00:00",34,"M","In Water",201808
201808,20,0,35854,774128,"I","08/20/2018 00:00:00",32,"F","In Water",201808
201808,20,0,35994,775409,"D","08/20/2018 00:00:00",70,"M","Outside/Open Areas",201808
201809,30,0,36036,779523,"D","09/30/2018 00:00:00",28,"M","Outside/Open Areas",201809
201807,24,0,36037,783544,"D","07/24/2018 00:00:00",,"M","Outside/Open Areas",201807
201810,15,0,36766,790779,"D","10/15/2018 00:00:00",1,"F","Vehicle/Towed Trailer",201810
201807,6,0,36792,771715,"D","07/06/2018 00:00:00",67,"M","Outside/Open Areas",201807
201807,10,0,37266,774393,"D","07/10/2018 00:00:00",39,"M","Under Tree",201807
201810,1,0,37281,797027,"D","10/01/2018 00:00:00",63,"M","In Water",201810
201808,28,0,37284,773906,"D","08/28/2018 00:00:00",30,"M","In Water",201808
201811,12,0,36068,784797,"I","11/12/2018 00:00:00",77,"M","Vehicle/Towed Trailer",201811
201811,12,0,36079,785131,"D","11/12/2018 00:00:00",39,"M","Outside/Open Areas",201811
201811,1,0,36086,785299,"I","11/01/2018 00:00:00",19,"F","Vehicle/Towed Trailer",201811
201811,25,0,36179,786744,"I","11/25/2018 00:00:00",78,"M","Vehicle/Towed Trailer",201811
201811,17,0,36181,788617,"I","11/17/2018 00:00:00",38,"F","Vehicle/Towed Trailer",201811
201811,28,0,36470,789509,"I","11/28/2018 00:00:00",54,"M","Vehicle/Towed Trailer",201811
201811,17,0,36825,792470,"I","11/17/2018 00:00:00",48,"M","Permanent Home",201811
201811,25,0,36827,791728,"D","11/25/2018 00:00:00",37,"F","Outside/Open Areas",201811
201811,9,0,36829,788886,"I","11/09/2018 00:00:00",19,"M","Vehicle/Towed Trailer",201811
201811,4,0,36830,792571,"D","11/04/2018 00:00:00",46,"M","In Water",201811
201811,4,0,36831,792571,"D","11/04/2018 00:00:00",52,"F","In Water",201811
201811,7,0,36832,792641,"I","11/07/2018 00:00:00",78,"M","Vehicle/Towed Trailer",201811
201811,14,0,36853,793520,"I","11/14/2018 00:00:00",76,"F","Vehicle/Towed Trailer",201811
201811,14,0,36854,793520,"I","11/14/2018 00:00:00",61,"F","Vehicle/Towed Trailer",201811
201811,6,0,37217,794526,"D","11/06/2018 00:00:00",41,"F","Permanent Home",201811
201801,21,0,35165,737466,"D","01/21/2018 00:00:00",,"M","In Water",201801
201803,24,0,35173,737542,"D","03/24/2018 00:00:00",,"M","In Water",201803
201808,2,0,35659,767747,"D","08/02/2018 00:00:00",47,"M","In Water",201808
201808,2,0,35660,767747,"D","08/02/2018 00:00:00",17,"M","In Water",201808
201808,5,0,37658,767750,"D","08/05/2018 00:00:00",53,"M","In Water",201808
201808,5,0,35662,767801,"D","08/05/2018 00:00:00",30,"M","In Water",201808
201808,1,0,35663,767803,"D","08/01/2018 00:00:00",18,"F","In Water",201808
201808,5,0,35664,767805,"D","08/05/2018 00:00:00",50,"M","In Water",201808
201809,6,0,35781,774125,"I","09/06/2018 00:00:00",17,"M","In Water",201809
201809,3,0,37660,774666,"D","09/03/2018 00:00:00",,"M","In Water",201809
201810,20,0,36649,780506,"I","10/20/2018 00:00:00",52,"M","Boating",201810
201809,4,0,36162,785090,"D","09/04/2018 00:00:00",2,"F","Mobile/Trailer Home",201809
201809,17,0,36106,785711,"I","09/17/2018 00:00:00",73,"M","Unknown",201809
201809,14,0,36108,785715,"I","09/14/2018 00:00:00",86,"F","Permanent Home",201809
201809,14,0,36109,785715,"I","09/14/2018 00:00:00",86,"M","Permanent Home",201809
201809,14,0,36110,785716,"I","09/14/2018 00:00:00",81,"M","Unknown",201809
201809,16,0,36101,786266,"D","09/16/2018 00:00:00",73,"M","Vehicle/Towed Trailer",201809
201809,17,0,36102,786266,"D","09/17/2018 00:00:00",65,"M","Vehicle/Towed Trailer",201809
201809,17,0,36104,786268,"D","09/17/2018 00:00:00",52,"M","Vehicle/Towed Trailer",201809
201809,22,0,36132,786315,"I","09/22/2018 00:00:00",87,"M","Unknown",201809
201810,14,0,37382,786913,"D","10/14/2018 00:00:00",11,"M","In Water",201810
201810,14,0,37383,786913,"D","10/14/2018 00:00:00",16,"M","In Water",201810
201810,8,0,37448,788080,"D","10/08/2018 00:00:00",63,"F","Camping",201810
201810,8,0,37449,788080,"D","10/08/2018 00:00:00",65,"M","Camping",201810
201810,8,0,37451,788080,"D","10/08/2018 00:00:00",51,"M","Camping",201810
201811,8,0,37562,788675,"D","11/08/2018 00:00:00",,"","Unknown",201811
201811,8,0,37563,788675,"D","11/08/2018 00:00:00",,"","Unknown",201811
201811,8,0,37564,788675,"D","11/08/2018 00:00:00",,"","Unknown",201811
201811,8,0,37565,788675,"D","11/08/2018 00:00:00",,"","Unknown",201811
201811,8,0,37566,788675,"D","11/08/2018 00:00:00",,"","Unknown",201811
201811,8,0,37567,788675,"D","11/08/2018 00:00:00",,"","Unknown",201811
201811,8,0,37568,788675,"D","11/08/2018 00:00:00",,"","Unknown",201811
201811,8,0,37569,788675,"D","11/08/2018 00:00:00",,"","Unknown",201811
201811,8,0,37570,788675,"D","11/08/2018 00:00:00",,"","Unknown",201811
201811,8,0,37571,788675,"D","11/08/2018 00:00:00",,"","Unknown",201811
201811,8,0,37572,788675,"D","11/08/2018 00:00:00",,"","Unknown",201811
201811,8,0,37574,788675,"D","11/08/2018 00:00:00",,"","Unknown",201811
201811,8,0,37575,788675,"D","11/08/2018 00:00:00",,"","Unknown",201811
201811,8,0,37577,788675,"D","11/08/2018 00:00:00",,"","Unknown",201811
201811,8,0,37578,788675,"D","11/08/2018 00:00:00",,"","Unknown",201811
201811,8,0,37579,788675,"D","11/08/2018 00:00:00",,"","Unknown",201811
201811,8,0,37580,788675,"D","11/08/2018 00:00:00",,"","Unknown",201811
201811,8,0,37581,788675,"D","11/08/2018 00:00:00",,"","Unknown",201811
201811,8,0,37582,788675,"D","11/08/2018 00:00:00",,"","Unknown",201811
201811,8,0,37583,788675,"D","11/08/2018 00:00:00",,"","Unknown",201811
201811,8,0,37585,788675,"D","11/08/2018 00:00:00",,"","Unknown",201811
201811,8,0,37586,788675,"D","11/08/2018 00:00:00",,"","Unknown",201811
201811,8,0,37587,788675,"D","11/08/2018 00:00:00",,"","Unknown",201811
201811,8,0,37588,788675,"D","11/08/2018 00:00:00",,"","Unknown",201811
201811,8,0,37589,788675,"D","11/08/2018 00:00:00",,"","Unknown",201811
201811,8,0,37590,788675,"D","11/08/2018 00:00:00",,"","Unknown",201811
201811,8,0,37591,788675,"D","11/08/2018 00:00:00",,"","Unknown",201811
201811,8,0,37592,788675,"D","11/08/2018 00:00:00",,"","Unknown",201811
201811,8,0,37593,788675,"D","11/08/2018 00:00:00",,"","Unknown",201811
201811,8,0,37594,788675,"D","11/08/2018 00:00:00",,"","Unknown",201811
201811,8,0,37595,788675,"D","11/08/2018 00:00:00",,"","Unknown",201811
201811,8,0,37597,788675,"D","11/08/2018 00:00:00",,"","Unknown",201811
201811,8,0,37598,788675,"D","11/08/2018 00:00:00",,"","Unknown",201811
201811,8,0,37599,788675,"D","11/08/2018 00:00:00",,"","Unknown",201811
201811,8,0,37600,788675,"D","11/08/2018 00:00:00",,"","Unknown",201811
201811,8,0,37601,788675,"D","11/08/2018 00:00:00",,"","Unknown",201811
201811,8,0,37602,788675,"D","11/08/2018 00:00:00",,"","Unknown",201811
201811,8,0,37603,788675,"D","11/08/2018 00:00:00",,"","Unknown",201811
201811,8,0,37604,788675,"D","11/08/2018 00:00:00",,"","Unknown",201811
201811,8,0,37605,788675,"D","11/08/2018 00:00:00",,"","Unknown",201811
201811,8,0,37606,788675,"D","11/08/2018 00:00:00",,"","Unknown",201811
201811,8,0,37608,788675,"D","11/08/2018 00:00:00",,"","Unknown",201811
201811,8,0,37610,788675,"D","11/08/2018 00:00:00",,"","Unknown",201811
201811,8,0,37611,788675,"D","11/08/2018 00:00:00",,"","Unknown",201811
201811,8,0,37612,788675,"D","11/08/2018 00:00:00",,"","Unknown",201811
201811,8,0,37613,788675,"D","11/08/2018 00:00:00",,"","Unknown",201811
201811,8,0,37614,788675,"D","11/08/2018 00:00:00",,"","Unknown",201811
201811,8,0,37615,788675,"D","11/08/2018 00:00:00",,"","Unknown",201811
201811,8,0,37616,788675,"D","11/08/2018 00:00:00",,"","Unknown",201811
201811,8,0,37617,788675,"D","11/08/2018 00:00:00",,"","Unknown",201811
201811,8,0,37618,788675,"D","11/08/2018 00:00:00",,"","Unknown",201811
201811,8,0,37620,788675,"D","11/08/2018 00:00:00",,"","Unknown",201811
201811,8,0,37621,788675,"D","11/08/2018 00:00:00",,"","Unknown",201811
201811,8,0,37622,788675,"D","11/08/2018 00:00:00",,"","Unknown",201811
201811,8,0,37623,788675,"D","11/08/2018 00:00:00",,"","Unknown",201811
201811,8,0,37624,788675,"D","11/08/2018 00:00:00",,"","Unknown",201811
201811,8,0,37625,788675,"D","11/08/2018 00:00:00",,"","Unknown",201811
201811,8,0,37626,788675,"D","11/08/2018 00:00:00",,"","Unknown",201811
201811,8,0,37627,788675,"D","11/08/2018 00:00:00",,"","Unknown",201811
201811,8,0,37628,788675,"D","11/08/2018 00:00:00",,"","Unknown",201811
201811,8,0,37629,788675,"D","11/08/2018 00:00:00",,"","Unknown",201811
201811,8,0,37630,788675,"D","11/08/2018 00:00:00",,"","Unknown",201811
201811,8,0,37632,788675,"D","11/08/2018 00:00:00",,"","Unknown",201811
201811,8,0,37633,788675,"D","11/08/2018 00:00:00",,"","Unknown",201811
201811,8,0,37634,788675,"D","11/08/2018 00:00:00",,"","Unknown",201811
201811,8,0,37635,788675,"D","11/08/2018 00:00:00",,"","Unknown",201811
201811,8,0,37636,788675,"D","11/08/2018 00:00:00",,"","Unknown",201811
201811,8,0,37637,788675,"D","11/08/2018 00:00:00",,"","Unknown",201811
201811,12,0,37227,784798,"I","11/12/2018 00:00:00",62,"F","Vehicle/Towed Trailer",201811
201811,8,0,37638,788675,"D","11/08/2018 00:00:00",,"","Unknown",201811
201805,8,0,35566,744182,"I","05/08/2018 00:00:00",36,"F","Vehicle/Towed Trailer",201805
201805,8,0,35567,744182,"I","05/08/2018 00:00:00",5,"F","Vehicle/Towed Trailer",201805
201811,8,0,37639,788675,"D","11/08/2018 00:00:00",,"","Unknown",201811
201811,8,0,37640,788675,"D","11/08/2018 00:00:00",,"","Unknown",201811
201805,16,0,35342,746894,"I","05/16/2018 00:00:00",1,"F","Vehicle/Towed Trailer",201805
201805,15,0,35448,747018,"D","05/15/2018 00:00:00",0,"F","Vehicle/Towed Trailer",201805
201805,21,0,35375,748170,"I","05/21/2018 00:00:00",,"M","Outside/Open Areas",201805
201805,30,0,35423,750890,"D","05/30/2018 00:00:00",52,"F","In Water",201805
201805,18,0,35424,751595,"D","05/18/2018 00:00:00",59,"M","In Water",201805
201805,19,0,35429,751955,"D","05/19/2018 00:00:00",5,"M","In Water",201805
201805,25,0,35430,751966,"D","05/25/2018 00:00:00",31,"M","In Water",201805
201805,31,0,35431,751974,"D","05/31/2018 00:00:00",61,"M","In Water",201805
201805,25,0,35436,751979,"D","05/25/2018 00:00:00",28,"M","In Water",201805
201805,16,0,35562,753726,"D","05/16/2018 00:00:00",53,"F","Outside/Open Areas",201805
201811,8,0,37643,788675,"D","11/08/2018 00:00:00",,"","Unknown",201811
201805,13,0,35477,754418,"D","05/13/2018 00:00:00",18,"M","In Water",201805
201805,13,0,35478,754420,"D","05/13/2018 00:00:00",39,"M","In Water",201805
201805,13,0,35499,754422,"D","05/13/2018 00:00:00",34,"F","In Water",201805
201805,1,0,35483,754749,"I","05/01/2018 00:00:00",47,"M","Vehicle/Towed Trailer",201805
201805,10,0,35491,756269,"D","05/10/2018 00:00:00",88,"M","Outside/Open Areas",201805
201805,10,0,35492,756269,"I","05/10/2018 00:00:00",54,"M","Outside/Open Areas",201805
201805,29,0,35493,756270,"I","05/29/2018 00:00:00",61,"M","Outside/Open Areas",201805
201811,8,0,37644,788675,"D","11/08/2018 00:00:00",,"","Unknown",201811
201805,31,0,35539,757297,"D","05/31/2018 00:00:00",,"","Vehicle/Towed Trailer",201805
201811,8,0,37645,788675,"D","11/08/2018 00:00:00",,"","Unknown",201811
201811,8,0,37646,788675,"D","11/08/2018 00:00:00",,"","Unknown",201811
201805,19,0,35531,758794,"I","05/19/2018 00:00:00",57,"M","Boating",201805
201805,25,0,35532,758796,"I","05/25/2018 00:00:00",50,"F","Outside/Open Areas",201805
201805,19,0,35533,758860,"D","05/19/2018 00:00:00",59,"F","Permanent Home",201805
201805,30,0,35549,759312,"I","05/30/2018 00:00:00",68,"M","Permanent Home",201805
201805,30,0,35550,759312,"I","05/30/2018 00:00:00",66,"F","Permanent Home",201805
201811,8,0,37647,788675,"D","11/08/2018 00:00:00",,"","Unknown",201811
201810,10,0,37764,789475,"I","10/10/2018 00:00:00",42,"M","Long Span Roof",201810
201810,10,0,37746,789475,"I","10/10/2018 00:00:00",64,"M","Outside/Open Areas",201810
201810,10,0,37747,789475,"I","10/10/2018 00:00:00",43,"M","Outside/Open Areas",201810
201805,28,0,35560,760172,"I","05/28/2018 00:00:00",36,"M","Vehicle/Towed Trailer",201805
201805,28,0,35561,760172,"I","05/28/2018 00:00:00",35,"M","Vehicle/Towed Trailer",201805
201805,27,0,35569,761126,"D","05/27/2018 00:00:00",68,"M","Vehicle/Towed Trailer",201805
201805,26,0,35574,761444,"D","05/26/2018 00:00:00",2,"","In Water",201805
201805,12,0,35602,763337,"D","05/12/2018 00:00:00",,"","Boating",201805
201810,10,0,37748,789475,"I","10/10/2018 00:00:00",61,"M","Outside/Open Areas",201810
201810,10,0,37755,789475,"I","10/10/2018 00:00:00",64,"M","Outside/Open Areas",201810
201810,10,0,37757,789475,"I","10/10/2018 00:00:00",60,"M","Outside/Open Areas",201810
201810,10,0,37758,789475,"I","10/10/2018 00:00:00",64,"M","Outside/Open Areas",201810
201810,10,0,37761,789475,"I","10/10/2018 00:00:00",63,"M","Outside/Open Areas",201810
201810,10,0,37762,789475,"I","10/10/2018 00:00:00",55,"M","Outside/Open Areas",201810
201810,10,0,37763,789475,"I","10/10/2018 00:00:00",51,"M","Outside/Open Areas",201810
201810,10,0,37745,789475,"I","10/10/2018 00:00:00",28,"M","Permanent Home",201810
201810,10,0,37749,789475,"I","10/10/2018 00:00:00",52,"M","Permanent Home",201810
201810,10,0,37750,789475,"I","10/10/2018 00:00:00",79,"F","Permanent Home",201810
201810,10,0,37751,789475,"I","10/10/2018 00:00:00",81,"M","Permanent Home",201810
201810,10,0,37752,789475,"I","10/10/2018 00:00:00",68,"M","Permanent Home",201810
201810,10,0,37753,789475,"I","10/10/2018 00:00:00",67,"M","Permanent Home",201810
201810,10,0,37754,789475,"I","10/10/2018 00:00:00",70,"M","Permanent Home",201810
201810,10,0,37756,789475,"I","10/10/2018 00:00:00",94,"F","Permanent Home",201810
201810,10,0,37759,789475,"I","10/10/2018 00:00:00",77,"M","Permanent Home",201810
201810,10,0,37765,789475,"I","10/10/2018 00:00:00",78,"M","Permanent Home",201810
201810,20,0,36652,789972,"I","10/20/2018 00:00:00",52,"F","Vehicle/Towed Trailer",201810
201810,10,0,37826,790374,"I","10/10/2018 00:00:00",49,"M","Outside/Open Areas",201810
201810,10,0,37827,790374,"I","10/10/2018 00:00:00",21,"M","Under Tree",201810
201810,10,0,37828,790374,"D","10/10/2018 00:00:00",70,"M","Vehicle/Towed Trailer",201810
201810,10,0,36742,790377,"I","10/10/2018 00:00:00",82,"M","Permanent Home",201810
201810,10,0,37777,790378,"I","10/10/2018 00:00:00",48,"M","Vehicle/Towed Trailer",201810
201810,10,0,36743,790379,"I","10/10/2018 00:00:00",48,"M","Permanent Structure",201810
201810,10,0,37789,790380,"I","10/10/2018 00:00:00",58,"M","Outside/Open Areas",201810
201810,10,0,37788,790380,"I","10/10/2018 00:00:00",87,"F","Permanent Home",201810
201810,10,0,37787,790380,"I","10/10/2018 00:00:00",72,"F","Permanent Structure",201810
201810,10,0,37824,790381,"D","10/10/2018 00:00:00",44,"M","Permanent Home",201810
201810,10,0,37825,790381,"I","10/10/2018 00:00:00",71,"M","Permanent Home",201810
201810,10,0,37784,790382,"I","10/10/2018 00:00:00",55,"M","Outside/Open Areas",201810
201810,10,0,37785,790382,"I","10/10/2018 00:00:00",39,"M","Outside/Open Areas",201810
201810,10,0,37786,790382,"I","10/10/2018 00:00:00",41,"F","Outside/Open Areas",201810
201810,10,0,37783,790382,"I","10/10/2018 00:00:00",78,"M","Permanent Home",201810
201810,10,0,37776,790383,"I","10/10/2018 00:00:00",47,"F","Permanent Home",201810
201810,10,0,37782,790384,"I","10/10/2018 00:00:00",57,"M","Long Span Roof",201810
201810,10,0,37778,790384,"D","10/10/2018 00:00:00",67,"M","Mobile/Trailer Home",201810
201810,10,0,37780,790384,"I","10/10/2018 00:00:00",91,"M","Outside/Open Areas",201810
201810,10,0,37779,790384,"I","10/10/2018 00:00:00",67,"M","Permanent Home",201810
201810,10,0,37781,790384,"I","10/10/2018 00:00:00",61,"M","Permanent Home",201810
201810,10,0,37772,790385,"I","10/10/2018 00:00:00",52,"M","Outside/Open Areas",201810
201810,10,0,37773,790385,"I","10/10/2018 00:00:00",22,"M","Outside/Open Areas",201810
201810,10,0,37775,790385,"I","10/10/2018 00:00:00",60,"M","Outside/Open Areas",201810
201810,10,0,37774,790385,"I","10/10/2018 00:00:00",93,"M","Permanent Structure",201810
201810,10,0,37829,790398,"D","10/10/2018 00:00:00",11,"F","Permanent Home",201810
201810,10,0,37732,790424,"D","10/10/2018 00:00:00",87,"M","Permanent Home",201810
201810,10,0,37733,790424,"D","10/10/2018 00:00:00",79,"F","Permanent Home",201810
201810,10,0,37734,790424,"D","10/10/2018 00:00:00",60,"F","Permanent Home",201810
201810,10,0,37735,790424,"D","10/10/2018 00:00:00",65,"M","Permanent Home",201810
201810,10,0,37740,790425,"D","10/10/2018 00:00:00",70,"M","Vehicle/Towed Trailer",201810
201810,10,0,37744,790426,"I","10/10/2018 00:00:00",82,"M","Permanent Home",201810
201812,1,0,37279,796756,"D","12/01/2018 00:00:00",34,"M","Permanent Structure",201812
201812,28,0,37375,799751,"D","12/28/2018 00:00:00",27,"M","In Water",201812
201803,25,0,37656,737543,"D","03/25/2018 00:00:00",17,"M","In Water",201803
201809,17,0,36107,785711,"I","09/17/2018 00:00:00",62,"M","Unknown",201809
201810,8,0,37450,788080,"D","10/08/2018 00:00:00",55,"M","Camping",201810
201811,8,0,37573,788675,"D","11/08/2018 00:00:00",,"","Unknown",201811
201811,8,0,37584,788675,"D","11/08/2018 00:00:00",,"","Unknown",201811
201811,8,0,37596,788675,"D","11/08/2018 00:00:00",,"","Unknown",201811
201811,8,0,37607,788675,"D","11/08/2018 00:00:00",,"","Unknown",201811
201811,8,0,37619,788675,"D","11/08/2018 00:00:00",,"","Unknown",201811
201811,8,0,37631,788675,"D","11/08/2018 00:00:00",,"","Unknown",201811
201811,8,0,37642,788675,"D","11/08/2018 00:00:00",,"","Unknown",201811
201811,8,0,37576,788675,"D","11/08/2018 00:00:00",,"","Unknown",201811
201811,8,0,37609,788675,"D","11/08/2018 00:00:00",,"","Unknown",201811
201811,8,0,37641,788675,"D","11/08/2018 00:00:00",,"","Unknown",201811
201810,10,0,37760,789475,"I","10/10/2018 00:00:00",91,"M","In Water",201810
201803,22,0,35913,740496,"D","03/22/2018 00:00:00",72,"F","Vehicle/Towed Trailer",201803
201803,22,0,35914,740496,"D","03/22/2018 00:00:00",67,"M","Vehicle/Towed Trailer",201803
201803,8,0,35360,743586,"D","03/08/2018 00:00:00",34,"M","Vehicle/Towed Trailer",201803
201803,8,0,35361,743586,"D","03/08/2018 00:00:00",43,"M","Vehicle/Towed Trailer",201803
201803,7,0,35337,743596,"D","03/07/2018 00:00:00",49,"F","Vehicle/Towed Trailer",201803
201805,5,0,35992,745602,"D","05/05/2018 00:00:00",45,"F","In Water",201805
201805,15,0,36049,756478,"D","05/15/2018 00:00:00",,"F","Under Tree",201805
201805,15,0,36064,756718,"D","05/15/2018 00:00:00",80,"F","Under Tree",201805
201805,27,0,35559,759999,"D","05/27/2018 00:00:00",39,"M","Outside/Open Areas",201805
201805,30,0,35554,760004,"D","05/30/2018 00:00:00",82,"M","Vehicle/Towed Trailer",201805
201805,30,0,35555,760004,"D","05/30/2018 00:00:00",79,"F","Vehicle/Towed Trailer",201805
201805,30,0,35556,760005,"D","05/30/2018 00:00:00",43,"F","In Water",201805
201807,5,0,35565,760825,"D","07/05/2018 00:00:00",23,"M","Outside/Open Areas",201807
201806,15,0,36061,771183,"D","06/15/2018 00:00:00",55,"M","Outside/Open Areas",201806
201807,3,0,35691,772286,"D","07/03/2018 00:00:00",,"F","Unknown",201807
201807,3,0,35692,772286,"D","07/03/2018 00:00:00",,"F","Unknown",201807
201807,3,0,35693,772286,"D","07/03/2018 00:00:00",,"F","Unknown",201807
201807,3,0,35694,772286,"D","07/03/2018 00:00:00",,"M","Unknown",201807
201807,3,0,35695,772286,"D","07/03/2018 00:00:00",,"M","Unknown",201807
201807,3,0,35696,772286,"D","07/03/2018 00:00:00",,"M","Unknown",201807
201807,3,0,35697,772286,"D","07/03/2018 00:00:00",,"M","Unknown",201807
201807,3,0,35698,772286,"D","07/03/2018 00:00:00",,"M","Unknown",201807
201807,3,0,35699,772288,"D","07/03/2018 00:00:00",,"M","Unknown",201807
201807,16,0,35711,772379,"D","07/16/2018 00:00:00",,"M","Unknown",201807
201807,16,0,35710,772380,"D","07/16/2018 00:00:00",,"M","Unknown",201807
201807,16,0,35707,772381,"D","07/16/2018 00:00:00",,"M","Unknown",201807
201807,16,0,35708,772381,"D","07/16/2018 00:00:00",,"","Unknown",201807
201807,16,0,35709,772381,"D","07/16/2018 00:00:00",,"","Unknown",201807
201807,17,0,35714,772382,"D","07/17/2018 00:00:00",,"M","Unknown",201807
201807,17,0,35715,772382,"D","07/17/2018 00:00:00",,"M","Unknown",201807
201807,17,0,35716,772383,"D","07/17/2018 00:00:00",,"F","Unknown",201807
201807,17,0,35717,772384,"D","07/17/2018 00:00:00",,"M","Unknown",201807
201808,15,0,36051,776801,"D","08/15/2018 00:00:00",41,"M","Outside/Open Areas",201807
201807,22,0,35888,776989,"D","07/22/2018 00:00:00",18,"M","Outside/Open Areas",201807
201807,23,0,35889,776990,"D","07/23/2018 00:00:00",19,"F","Outside/Open Areas",201807
201803,1,0,36016,782826,"D","03/01/2018 00:00:00",8,"M","In Water",201803
201805,15,0,36063,783373,"D","05/15/2018 00:00:00",,"M","Under Tree",201805
201805,15,0,36065,783446,"D","05/15/2018 00:00:00",11,"F","Under Tree",201805
201805,15,0,36062,783447,"D","05/15/2018 00:00:00",41,"F","Under Tree",201805
201806,28,0,36052,784181,"D","06/28/2018 00:00:00",73,"F","Under Tree",201806
201807,6,0,36053,784196,"D","07/06/2018 00:00:00",75,"M","Outside/Open Areas",201807
201802,25,0,36055,784378,"I","02/25/2018 00:00:00",6,"M","In Water",201802
201801,1,0,34671,727655,"D","01/01/2018 00:00:00",27,"F","Outside/Open Areas",201712
201808,20,0,35653,767467,"D","08/20/2018 00:00:00",45,"F","Mobile/Trailer Home",201808
201808,28,0,35791,769782,"D","08/28/2018 00:00:00",11,"F","Vehicle/Towed Trailer",201808
201808,1,0,35719,772804,"D","08/01/2018 00:00:00",14,"M","In Water",201808
201808,14,0,35794,774545,"D","08/14/2018 00:00:00",72,"M","Vehicle/Towed Trailer",201808
201808,14,0,35795,774545,"D","08/14/2018 00:00:00",39,"M","Vehicle/Towed Trailer",201808
201808,19,0,35907,778759,"D","08/19/2018 00:00:00",49,"M","In Water",201808
201808,19,0,35908,778759,"D","08/19/2018 00:00:00",47,"F","In Water",201808
201808,18,0,35911,778966,"D","08/18/2018 00:00:00",10,"M","In Water",201808
201808,19,0,35912,778966,"D","08/19/2018 00:00:00",14,"M","In Water",201808
201808,10,0,35924,779120,"I","08/10/2018 00:00:00",43,"F","Unknown",201808
201808,6,0,35915,779120,"D","08/06/2018 00:00:00",35,"M","Outside/Open Areas",201808
201808,9,0,35918,779120,"I","08/09/2018 00:00:00",63,"M","Outside/Open Areas",201808
201808,10,0,35919,779120,"I","08/10/2018 00:00:00",50,"M","Outside/Open Areas",201808
201808,10,0,35920,779120,"I","08/10/2018 00:00:00",58,"M","Outside/Open Areas",201808
201808,10,0,35921,779120,"I","08/10/2018 00:00:00",61,"M","Outside/Open Areas",201808
201808,10,0,35923,779120,"I","08/10/2018 00:00:00",55,"M","Outside/Open Areas",201808
201808,9,0,35917,779120,"D","08/09/2018 00:00:00",68,"M","Permanent Home",201808
201808,10,0,35922,779120,"D","08/10/2018 00:00:00",86,"M","Permanent Home",201808
201808,8,0,35916,779120,"D","08/08/2018 00:00:00",71,"F","Vehicle/Towed Trailer",201808
201808,11,0,35925,779141,"D","08/11/2018 00:00:00",53,"F","Outside/Open Areas",201808
201808,12,0,35926,779141,"I","08/12/2018 00:00:00",55,"M","Outside/Open Areas",201808
201808,14,0,35929,779141,"D","08/14/2018 00:00:00",85,"F","Outside/Open Areas",201808
201808,14,0,35930,779141,"I","08/14/2018 00:00:00",40,"F","Outside/Open Areas",201808
201808,15,0,35931,779141,"I","08/15/2018 00:00:00",48,"M","Outside/Open Areas",201808
201808,13,0,35927,779141,"I","08/13/2018 00:00:00",84,"F","Permanent Home",201808
201808,13,0,35928,779141,"I","08/13/2018 00:00:00",91,"M","Permanent Home",201808
201808,18,0,35933,779161,"I","08/18/2018 00:00:00",66,"M","Outside/Open Areas",201808
201808,20,0,35935,779161,"D","08/20/2018 00:00:00",90,"F","Outside/Open Areas",201808
201808,16,0,35932,779161,"D","08/16/2018 00:00:00",72,"M","Permanent Home",201808
201808,19,0,35934,779161,"D","08/19/2018 00:00:00",65,"M","Permanent Home",201808
201808,1,0,35964,779162,"D","08/01/2018 00:00:00",90,"M","Mobile/Trailer Home",201808
201808,1,0,35959,779162,"D","08/01/2018 00:00:00",36,"M","Outside/Open Areas",201808
201808,1,0,35960,779162,"I","08/01/2018 00:00:00",66,"M","Outside/Open Areas",201808
201808,1,0,35962,779162,"D","08/01/2018 00:00:00",59,"M","Outside/Open Areas",201808
201808,1,0,35963,779162,"I","08/01/2018 00:00:00",40,"M","Outside/Open Areas",201808
201808,1,0,35965,779162,"I","08/01/2018 00:00:00",33,"M","Outside/Open Areas",201808
201808,2,0,35966,779162,"I","08/02/2018 00:00:00",63,"M","Outside/Open Areas",201808
201808,3,0,35968,779162,"I","08/03/2018 00:00:00",55,"M","Outside/Open Areas",201808
201808,1,0,35954,779162,"I","08/01/2018 00:00:00",83,"M","Permanent Home",201808
201808,1,0,35955,779162,"I","08/01/2018 00:00:00",78,"M","Permanent Home",201808
201808,1,0,35956,779162,"I","08/01/2018 00:00:00",83,"F","Permanent Home",201808
201808,1,0,35957,779162,"I","08/01/2018 00:00:00",75,"M","Permanent Home",201808
201808,1,0,35958,779162,"I","08/01/2018 00:00:00",73,"F","Permanent Home",201808
201808,2,0,35967,779162,"D","08/02/2018 00:00:00",74,"M","Permanent Home",201808
201808,4,0,35969,779162,"D","08/04/2018 00:00:00",74,"F","Permanent Home",201808
201808,5,0,35971,779162,"D","08/05/2018 00:00:00",76,"M","Permanent Home",201808
201808,1,0,35961,779162,"D","08/01/2018 00:00:00",61,"M","Permanent Structure",201808
201808,5,0,35970,779162,"I","08/05/2018 00:00:00",58,"M","Vehicle/Towed Trailer",201808
201808,27,0,35972,779163,"D","08/27/2018 00:00:00",79,"M","Outside/Open Areas",201808
201808,29,0,35973,779163,"D","08/29/2018 00:00:00",71,"M","Permanent Home",201808
201808,29,0,35974,779163,"D","08/29/2018 00:00:00",76,"M","Permanent Home",201808
201808,30,0,36009,779859,"I","08/30/2018 00:00:00",39,"M","In Water",201808
201808,30,0,36010,779859,"I","08/30/2018 00:00:00",9,"F","In Water",201808
201808,30,0,36011,779859,"I","08/30/2018 00:00:00",5,"F","In Water",201808
201808,30,0,36012,779859,"I","08/30/2018 00:00:00",3,"M","In Water",201808
201808,24,0,35981,779874,"D","08/24/2018 00:00:00",41,"M","In Water",201808
201808,18,0,36054,781581,"D","08/18/2018 00:00:00",32,"M","Outside/Open Areas",201808
201808,12,0,36001,781920,"D","08/12/2018 00:00:00",46,"M","Vehicle/Towed Trailer",201808
201808,14,0,36002,781930,"D","08/14/2018 00:00:00",77,"M","Vehicle/Towed Trailer",201808
201808,6,0,36003,782083,"D","08/06/2018 00:00:00",69,"M","Boating",201808
201808,18,0,36029,783385,"D","08/18/2018 00:00:00",24,"F","In Water",201808
201806,6,0,35421,750301,"D","06/06/2018 00:00:00",55,"M","In Water",201806
201806,16,0,35432,751975,"D","06/16/2018 00:00:00",67,"M","In Water",201806
201806,17,0,35433,751976,"D","06/17/2018 00:00:00",21,"M","In Water",201806
201806,19,0,35434,751977,"D","06/19/2018 00:00:00",15,"M","In Water",201806
201806,19,0,35435,751978,"D","06/19/2018 00:00:00",60,"M","In Water",201806
201806,17,0,35461,753109,"D","06/17/2018 00:00:00",,"M","Unknown",201806
201806,15,0,35462,753635,"D","06/15/2018 00:00:00",48,"M","In Water",201806
201806,28,0,35465,753637,"D","06/28/2018 00:00:00",48,"M","In Water",201806
201806,24,0,35470,753814,"D","06/24/2018 00:00:00",33,"M","Unknown",201806
201806,27,0,35482,753974,"D","06/27/2018 00:00:00",44,"M","Boating",201806
201806,22,0,35501,755021,"D","06/22/2018 00:00:00",,"","Unknown",201806
201806,4,0,35685,757760,"D","06/04/2018 00:00:00",1,"F","Vehicle/Towed Trailer",201806
201806,23,0,35527,758147,"I","06/23/2018 00:00:00",48,"M","In Water",201806
201806,28,0,35575,758846,"I","06/28/2018 00:00:00",67,"M","Vehicle/Towed Trailer",201806
201806,17,0,35548,759145,"D","06/17/2018 00:00:00",12,"M","Permanent Home",201806
201806,19,0,35576,762189,"D","06/19/2018 00:00:00",56,"M","In Water",201806
201806,4,0,35580,762629,"I","06/04/2018 00:00:00",65,"M","Outside/Open Areas",201806
201806,5,0,35581,762629,"D","06/05/2018 00:00:00",39,"M","Outside/Open Areas",201806
201806,6,0,35582,762629,"D","06/06/2018 00:00:00",84,"M","Permanent Home",201806
201806,8,0,35583,762629,"I","06/08/2018 00:00:00",59,"M","Vehicle/Towed Trailer",201806
201806,13,0,35589,762630,"I","06/13/2018 00:00:00",57,"M","Outside/Open Areas",201806
201806,13,0,35590,762630,"D","06/13/2018 00:00:00",69,"F","Outside/Open Areas",201806
201806,13,0,35591,762630,"D","06/13/2018 00:00:00",66,"M","Outside/Open Areas",201806
201806,14,0,35592,762630,"I","06/14/2018 00:00:00",79,"M","Permanent Home",201806
201806,13,0,35593,762631,"D","06/13/2018 00:00:00",47,"M","Vehicle/Towed Trailer",201806
201806,21,0,35594,762633,"D","06/21/2018 00:00:00",52,"M","Permanent Home",201806
201806,21,0,35595,762633,"D","06/21/2018 00:00:00",59,"F","Permanent Home",201806
201806,26,0,35596,762647,"D","06/26/2018 00:00:00",97,"F","Outside/Open Areas",201806
201806,27,0,35597,762647,"I","06/27/2018 00:00:00",73,"F","Outside/Open Areas",201806
201806,28,0,35598,762647,"I","06/28/2018 00:00:00",71,"F","Permanent Home",201806
201806,30,0,35599,762647,"I","06/30/2018 00:00:00",58,"M","Vehicle/Towed Trailer",201806
201806,29,0,35619,763373,"D","06/29/2018 00:00:00",42,"M","Camping",201806
201806,3,0,35611,763714,"D","06/03/2018 00:00:00",38,"M","In Water",201806
201806,17,0,35616,764786,"D","06/17/2018 00:00:00",55,"M","Camping",201806
201806,17,0,35621,765635,"D","06/17/2018 00:00:00",75,"M","Vehicle/Towed Trailer",201806
201806,3,0,35627,766281,"D","06/03/2018 00:00:00",,"M","Unknown",201806
201806,7,0,35634,767004,"D","06/07/2018 00:00:00",53,"M","Vehicle/Towed Trailer",201806
201806,30,0,35638,767020,"D","06/30/2018 00:00:00",66,"M","Vehicle/Towed Trailer",201806
201806,28,0,35678,767237,"D","06/28/2018 00:00:00",2,"M","Vehicle/Towed Trailer",201806
201806,4,0,35675,767809,"D","06/04/2018 00:00:00",34,"M","Outside/Open Areas",201806
201806,21,0,35667,767822,"D","06/21/2018 00:00:00",31,"M","Outside/Open Areas",201806
201806,8,0,35677,768040,"D","06/08/2018 00:00:00",27,"M","Heavy Equipment/Construction",201806
201806,1,0,35679,769097,"D","06/01/2018 00:00:00",26,"M","In Water",201806
201806,6,0,35680,769121,"D","06/06/2018 00:00:00",50,"M","In Water",201806
201806,6,0,35681,769121,"D","06/06/2018 00:00:00",17,"M","In Water",201806
201806,18,0,35684,769873,"D","06/18/2018 00:00:00",,"M","Unknown",201806
201810,4,0,35987,780089,"D","10/04/2018 00:00:00",34,"M","Vehicle/Towed Trailer",201810
201810,3,0,35988,780430,"D","10/03/2018 00:00:00",2,"M","Outside/Open Areas",201810
201810,8,0,36020,780605,"D","10/08/2018 00:00:00",73,"M","In Water",201810
201810,26,0,36004,782329,"I","10/26/2018 00:00:00",75,"F","Boating",201810
201810,11,0,36777,784992,"D","10/11/2018 00:00:00",62,"F","Vehicle/Towed Trailer",201810
201810,11,0,36778,784992,"D","10/11/2018 00:00:00",36,"M","Vehicle/Towed Trailer",201810
201810,10,0,36759,788692,"D","10/10/2018 00:00:00",22,"M","Vehicle/Towed Trailer",201810
201810,8,0,36202,789339,"D","10/08/2018 00:00:00",35,"M","Heavy Equipment/Construction",201810
201810,7,0,36464,789465,"D","10/07/2018 00:00:00",57,"M","In Water",201810
201810,7,0,36465,789466,"D","10/07/2018 00:00:00",18,"M","In Water",201810
201810,11,0,36786,789476,"D","10/11/2018 00:00:00",45,"M","Vehicle/Towed Trailer",201810
201810,28,0,36468,789505,"D","10/28/2018 00:00:00",51,"F","Other",201810
201810,28,0,36469,789505,"I","10/28/2018 00:00:00",52,"M","Other",201810
201810,10,0,36815,790227,"D","10/10/2018 00:00:00",78,"F","Vehicle/Towed Trailer",201810
201810,16,0,36788,790530,"D","10/16/2018 00:00:00",58,"F","Vehicle/Towed Trailer",201810
201810,7,0,36762,790600,"D","10/07/2018 00:00:00",17,"M","In Water",201810
201810,7,0,36763,790600,"D","10/07/2018 00:00:00",18,"M","In Water",201810
201810,11,0,36816,790835,"D","10/11/2018 00:00:00",53,"M","Vehicle/Towed Trailer",201810
201810,11,0,36817,790835,"D","10/11/2018 00:00:00",60,"F","Vehicle/Towed Trailer",201810
201810,31,0,36791,790873,"D","10/31/2018 00:00:00",,"M","In Water",201810
201801,4,0,34684,727804,"D","01/04/2018 00:00:00",57,"M","Outside/Open Areas",201801
201803,2,0,35033,734042,"D","03/02/2018 00:00:00",57,"M","Vehicle/Towed Trailer",201803
201803,2,0,35036,734333,"D","03/02/2018 00:00:00",41,"M","Outside/Open Areas",201803
201803,12,0,35247,740753,"D","03/12/2018 00:00:00",47,"M","Vehicle/Towed Trailer",201803
201803,2,0,35329,746559,"D","03/02/2018 00:00:00",77,"F","Outside/Open Areas",201803
201803,10,0,35380,748971,"I","03/10/2018 00:00:00",16,"M","Vehicle/Towed Trailer",201803
201803,10,0,35381,748971,"I","03/10/2018 00:00:00",49,"M","Vehicle/Towed Trailer",201803
201803,10,0,35382,748971,"I","03/10/2018 00:00:00",48,"F","Vehicle/Towed Trailer",201803
201804,4,0,35467,753677,"D","04/04/2018 00:00:00",36,"M","Permanent Structure",201804
201804,22,0,35572,761303,"I","04/22/2018 00:00:00",21,"M","In Water",201804
201804,15,0,35609,763646,"D","04/15/2018 00:00:00",45,"M","Boating",201804
201804,15,0,35610,763646,"D","04/15/2018 00:00:00",31,"M","Boating",201804
201801,18,0,36149,737864,"D","01/18/2018 00:00:00",46,"M","Other",201801
201806,30,0,35635,764991,"D","06/30/2018 00:00:00",66,"M","Vehicle/Towed Trailer",201806
201807,4,0,35899,773052,"D","07/04/2018 00:00:00",46,"F","Vehicle/Towed Trailer",201807
201807,14,0,35900,773285,"D","07/14/2018 00:00:00",40,"M","Under Tree",201807
201808,28,0,35895,777333,"D","08/28/2018 00:00:00",,"","Unknown",201808
201808,6,0,35897,777364,"D","08/06/2018 00:00:00",,"M","Unknown",201808
201808,6,0,35898,777364,"D","08/06/2018 00:00:00",,"","Unknown",201808
201808,17,0,35896,777365,"D","08/17/2018 00:00:00",,"F","Unknown",201808
201808,31,0,35998,781091,"D","08/31/2018 00:00:00",34,"F","In Water",201808
201808,31,0,35999,781091,"D","08/31/2018 00:00:00",67,"M","Vehicle/Towed Trailer",201808
201807,6,0,36022,783080,"D","07/06/2018 00:00:00",,"","Unknown",201807
201808,28,0,36097,786060,"D","08/28/2018 00:00:00",35,"M","Outside/Open Areas",201808
201801,18,0,36147,788039,"D","01/18/2018 00:00:00",46,"M","Other",201801
201802,3,0,34937,730122,"I","02/03/2018 00:00:00",27,"M","Vehicle/Towed Trailer",201802
201802,3,0,34938,730122,"I","02/03/2018 00:00:00",56,"M","Vehicle/Towed Trailer",201802
201802,3,0,34939,730122,"I","02/03/2018 00:00:00",77,"F","Vehicle/Towed Trailer",201802
201802,3,0,34940,730122,"I","02/03/2018 00:00:00",34,"M","Vehicle/Towed Trailer",201802
201802,3,0,34936,730135,"I","02/03/2018 00:00:00",54,"F","Vehicle/Towed Trailer",201802
201802,12,0,34996,731690,"I","02/12/2018 00:00:00",53,"F","Vehicle/Towed Trailer",201802
201803,2,0,35321,733643,"D","03/02/2018 00:00:00",25,"M","Vehicle/Towed Trailer",201803
201812,9,0,36814,788762,"I","12/09/2018 00:00:00",,"M","Outside/Open Areas",201812
201802,5,0,35290,743879,"D","02/05/2018 00:00:00",59,"M","In Water",201802
201803,1,0,35320,744184,"D","03/01/2018 00:00:00",11,"M","Permanent Structure",201803
201803,7,0,35302,744214,"D","03/07/2018 00:00:00",,"","Outside/Open Areas",201803
201812,13,0,36194,789116,"I","12/13/2018 00:00:00",,"M","Unknown",201812
201812,11,0,36200,789327,"I","12/11/2018 00:00:00",61,"M","Vehicle/Towed Trailer",201812
201812,25,0,36765,790714,"D","12/25/2018 00:00:00",74,"F","Outside/Open Areas",201812
201812,12,0,36784,790889,"I","12/12/2018 00:00:00",27,"M","Outside/Open Areas",201812
201812,25,0,36803,791367,"D","12/25/2018 00:00:00",,"","Outside/Open Areas",201812
201812,25,0,36804,791367,"D","12/25/2018 00:00:00",,"M","Outside/Open Areas",201812
201812,7,0,36807,791375,"D","12/07/2018 00:00:00",,"M","In Water",201812
201812,13,0,36808,791378,"D","12/13/2018 00:00:00",,"F","In Water",201812
201812,31,0,37293,791617,"D","12/31/2018 00:00:00",63,"F","Vehicle/Towed Trailer",201812
201812,31,0,36837,792067,"I","12/31/2018 00:00:00",12,"M","Vehicle/Towed Trailer",201812
201812,11,0,37277,792153,"I","12/11/2018 00:00:00",49,"F","Vehicle/Towed Trailer",201812
201812,31,0,36821,792166,"D","12/31/2018 00:00:00",,"M","Boating",201812
201812,1,0,36843,792844,"I","12/01/2018 00:00:00",21,"M","Vehicle/Towed Trailer",201812
201812,26,0,37370,792845,"D","12/26/2018 00:00:00",58,"F","Camping",201812
201812,5,0,36846,793215,"I","12/05/2018 00:00:00",31,"M","Vehicle/Towed Trailer",201812
201812,31,0,37328,793808,"D","12/31/2018 00:00:00",19,"F","Vehicle/Towed Trailer",201812
201812,19,0,37208,794225,"I","12/19/2018 00:00:00",32,"M","Vehicle/Towed Trailer",201812
201812,19,0,37209,794225,"I","12/19/2018 00:00:00",30,"M","Vehicle/Towed Trailer",201812
201812,24,0,37216,794523,"I","12/24/2018 00:00:00",61,"M","Outside/Open Areas",201812
201812,7,0,37267,796017,"D","12/07/2018 00:00:00",62,"F","Vehicle/Towed Trailer",201812
201812,7,0,37268,796017,"D","12/07/2018 00:00:00",63,"M","Vehicle/Towed Trailer",201812
201812,29,0,37289,797280,"I","12/29/2018 00:00:00",51,"M","Outside/Open Areas",201812
201812,28,0,37291,797347,"I","12/28/2018 00:00:00",78,"F","Vehicle/Towed Trailer",201812
201812,27,0,37297,797462,"I","12/27/2018 00:00:00",,"","Vehicle/Towed Trailer",201812
201812,22,0,37318,798159,"D","12/22/2018 00:00:00",31,"M","Outside/Open Areas",201812
201812,28,0,37367,798906,"D","12/28/2018 00:00:00",30,"F","Camping",201812
201812,21,0,37378,800730,"D","12/21/2018 00:00:00",22,"F","In Water",201812
201804,7,0,35240,740316,"D","04/07/2018 00:00:00",57,"M","Boating",201804
201804,13,0,35256,741199,"I","04/13/2018 00:00:00",61,"M","Vehicle/Towed Trailer",201804
201804,25,0,35385,742308,"D","04/25/2018 00:00:00",4,"M","In Water",201804
201804,14,0,35286,743643,"I","04/14/2018 00:00:00",30,"F","Vehicle/Towed Trailer",201804
201804,14,0,35305,744130,"D","04/14/2018 00:00:00",2,"F","Mobile/Trailer Home",201804
201804,27,0,35313,745607,"D","04/27/2018 00:00:00",32,"M","In Water",201804
201804,23,0,35316,745735,"D","04/23/2018 00:00:00",89,"M","Outside/Open Areas",201804
201804,23,0,35317,745735,"D","04/23/2018 00:00:00",63,"M","Outside/Open Areas",201804
201804,14,0,35318,745736,"I","04/14/2018 00:00:00",57,"M","Outside/Open Areas",201804
201804,12,0,35371,747736,"D","04/12/2018 00:00:00",56,"M","In Water",201804
201804,12,0,35410,749533,"D","04/12/2018 00:00:00",62,"F","Vehicle/Towed Trailer",201804
201804,12,0,35412,749535,"D","04/12/2018 00:00:00",61,"M","Unknown",201804
201804,7,0,35413,749643,"D","04/07/2018 00:00:00",23,"F","Unknown",201804
201804,2,0,35422,750491,"D","04/02/2018 00:00:00",,"M","In Water",201804
201804,17,0,35425,751916,"D","04/17/2018 00:00:00",,"F","Under Tree",201804
201804,17,0,35446,751925,"D","04/17/2018 00:00:00",,"F","Under Tree",201804
201804,17,0,35428,751926,"D","04/17/2018 00:00:00",,"F","Under Tree",201804
201804,17,0,35438,752005,"D","04/17/2018 00:00:00",,"F","Under Tree",201804
201804,17,0,35439,752006,"D","04/17/2018 00:00:00",,"F","Under Tree",201804
201804,17,0,35440,752007,"D","04/17/2018 00:00:00",,"F","Under Tree",201804
201804,17,0,35441,752008,"D","04/17/2018 00:00:00",,"F","Under Tree",201804
201804,17,0,35442,752009,"D","04/17/2018 00:00:00",,"F","Under Tree",201804
201804,17,0,35443,752010,"D","04/17/2018 00:00:00",,"F","Under Tree",201804
201804,17,0,35444,752011,"D","04/17/2018 00:00:00",,"F","Under Tree",201804
201804,17,0,35445,752012,"D","04/17/2018 00:00:00",,"F","Under Tree",201804
201804,1,0,35451,752857,"I","04/01/2018 00:00:00",84,"F","Vehicle/Towed Trailer",201804
201804,29,0,35480,752985,"I","04/29/2018 00:00:00",81,"M","Vehicle/Towed Trailer",201804
201804,29,0,35481,752986,"I","04/29/2018 00:00:00",81,"M","Vehicle/Towed Trailer",201804
201806,2,0,35856,745618,"I","06/02/2018 00:00:00",32,"M","Outside/Open Areas",201804
201805,10,0,35528,757873,"I","05/10/2018 00:00:00",1,"M","Vehicle/Towed Trailer",201805
201804,15,0,35472,754019,"I","04/15/2018 00:00:00",48,"M","Vehicle/Towed Trailer",201804
201804,5,0,35473,754086,"D","04/05/2018 00:00:00",26,"M","In Water",201804
201805,10,0,35529,757873,"I","05/10/2018 00:00:00",1,"F","Vehicle/Towed Trailer",201805
201806,19,0,35648,767341,"D","06/19/2018 00:00:00",10,"M","In Water",201806
201806,25,0,35649,767342,"D","06/25/2018 00:00:00",31,"M","In Water",201806
201806,29,0,35790,769801,"D","06/29/2018 00:00:00",71,"M","Vehicle/Towed Trailer",201806
